x,1993,1994,1995,1996,1997,1998,1999,2000,2001,2002,2003,2004,2005,2006,2007,2008,2009,2010,2011,2012,2013,2014,2015,2016,2017,2018,2019,2020,2021,2022
4,-0.059462284,-0.058101834,-0.058534995,-0.05566817,-0.054335136,-0.054048933,-0.054424669,-0.054078174,-0.05441669,-0.052333814,-0.051462994,-0.04859178,-0.046004605,-0.04198017,-0.039243078,-0.03627217,-0.033282445,-0.030170083,-0.02730923,-0.024706309,-0.022278692,-0.019937449,-0.0177572,-0.015899722,-0.014177265,-0.012579395,-0.010964559,-0.009167752,-0.010649821,-0.013788395
5,-0.035028965,-0.034209683,-0.034272483,-0.032372978,-0.031563909,-0.031441075,-0.031907557,-0.03184144,-0.032214765,-0.031051925,-0.030700058,-0.028963801,-0.02738265,-0.024970248,-0.023400473,-0.021664769,-0.019905184,-0.018007823,-0.016306421,-0.014742995,-0.013287875,-0.01180209,-0.01043134,-0.00923694,-0.008106592,-0.007036534,-0.005937904,-0.004729487,-0.005745292,-0.007839439
6,-0.021816301,-0.021220635,-0.021207666,-0.019762207,-0.019191662,-0.019156658,-0.019643044,-0.019724056,-0.020161534,-0.019464551,-0.019407927,-0.018286077,-0.017285966,-0.015700591,-0.014770676,-0.013711878,-0.012621863,-0.011404001,-0.010324521,-0.009334845,-0.008407473,-0.007394502,-0.006434087,-0.005624678,-0.004824964,-0.004054801,-0.003256611,-0.002370948,-0.003130819,-0.004520977
7,-0.013920112,-0.013453496,-0.013428805,-0.012282036,-0.011859489,-0.011878901,-0.012354551,-0.012507443,-0.012972911,-0.012538208,-0.012649389,-0.011893776,-0.011245196,-0.010150648,-0.009594825,-0.008931705,-0.008242168,-0.00743103,-0.0067257,-0.006078232,-0.005465774,-0.00473562,-0.00403252,-0.003402664,-0.002841621,-0.002254851,-0.001642768,-0.000965998,-0.001595273,-0.002609116
8,-0.009308211,-0.00893849,-0.008909198,-0.007987548,-0.007690829,-0.007751972,-0.008208526,-0.008393571,-0.008849266,-0.008568879,-0.008751922,-0.008216918,-0.007771295,-0.00697042,-0.006623248,-0.006178199,-0.005707895,-0.005130998,-0.004633681,-0.004178538,-0.003741441,-0.003165803,-0.002605916,-0.002094603,-0.001598065,-0.001169404,-0.000667316,-0.000118442,-0.00063602,-0.001443317
9,-0.006310202,-0.006005936,-0.005982653,-0.005235123,-0.00504481,-0.00515309,-0.005588609,-0.005796612,-0.006231288,-0.006054353,-0.006268451,-0.005884088,-0.005570499,-0.004964785,-0.004744206,-0.004434039,-0.004096198,-0.003665393,-0.003296808,-0.002959136,-0.002630001,-0.002147387,-0.001670575,-0.001229858,-0.000799569,-0.000370658,-4.11246E-06,0.000465358,2.21735E-05,-0.000629701
10,-0.004033102,-0.003764912,-0.003747482,-0.00314417,-0.00304886,-0.00320694,-0.003632022,-0.003860965,-0.004278971,-0.004179144,-0.004411068,-0.004140126,-0.00392767,-0.003465588,-0.003334044,-0.003120405,-0.002878058,-0.002548549,-0.002272055,-0.002017146,-0.001764766,-0.001343021,-0.000923778,-0.000529776,-0.000143726,0.000244106,0.00064673,0.000977754,0.000583563,3.1081E-05
11,-0.002317824,-0.002070066,-0.002042356,-0.00155628,-0.001547942,-0.001757858,-0.002184492,-0.002436172,-0.002842861,-0.002802024,-0.00304126,-0.002853402,-0.002714686,-0.002360983,-0.002289338,-0.002139761,-0.00196265,-0.00170125,-0.001486216,-0.001286348,-0.001084901,-0.000701063,-0.000314332,4.97633E-05,0.000410736,0.000773811,0.001149956,0.001548039,0.001080664,0.000594807
12,-0.000885563,-0.000688456,-0.000620865,-0.000232917,-0.000298413,-0.000556721,-0.001004889,-0.001283869,-0.001695426,-0.001710722,-0.00195755,-0.001833383,-0.0017494,-0.001484817,-0.001459008,-0.001355929,-0.001226427,-0.001015732,-0.000846216,-0.000687123,-0.000521756,-0.000161844,0.000204427,0.000553792,0.000898453,0.001249525,0.001609724,0.001989081,0.001620969,0.001100061
13,0.00035865,0.00046054,0.000558266,0.000875872,0.00074223,0.0004472,-4.13156E-05,-0.000354296,-0.000788066,-0.000862805,-0.001127581,-0.001045924,-0.000999471,-0.000804171,-0.000812238,-0.000742966,-0.000647033,-0.000472183,-0.000334942,-0.000205644,-6.53747E-05,0.000287255,0.000643809,0.000986715,0.001327328,0.001672697,0.002029081,0.002398866,0.00203801,0.001594991
14,0.001462594,0.001427398,0.00152981,0.001856887,0.00167305,0.00133836,0.000783494,0.000405145,-4.94316E-05,-0.000202188,-0.000488898,-0.000428657,-0.000405335,-0.000263814,-0.000300406,-0.000257744,-0.000189309,-4.05738E-05,7.21067E-05,0.000178926,0.000300787,0.000654328,0.001013885,0.001357299,0.001698267,0.002048232,0.002405663,0.002776009,0.002417006,0.001985719
15,0.002306684,0.002088343,0.0021602,0.002626296,0.00246959,0.002102369,0.001439472,0.000939667,0.000462284,0.00022694,-8.37692E-05,-9.1978E-06,9.28299E-06,0.000117727,5.65464E-05,7.92108E-05,0.000126555,0.000256465,0.000352656,0.000444379,0.000554823,0.00093765,0.001285585,0.001641711,0.001989519,0.002348317,0.00271709,0.003092129,0.002727073,0.002300731
16,0.00290488,0.002492012,0.002468206,0.003167215,0.003168638,0.002835067,0.002046024,0.001358769,0.000818236,0.000499814,0.000163708,0.000275959,0.000315742,0.000411751,0.000324985,0.000325813,0.000350503,0.000462755,0.000541454,0.000619357,0.000720162,0.001107958,0.001513548,0.001837995,0.002200759,0.002572192,0.002953952,0.003341582,0.002971593,0.002539046
17,0.003214169,0.002549255,0.00238252,0.003334635,0.003623534,0.003440389,0.002526567,0.001623082,0.000966784,0.000546893,0.000208011,0.000363752,0.000459257,0.000569451,0.000460416,0.00044257,0.000448489,0.000546186,0.000610913,0.000677199,0.000771404,0.001163543,0.001580339,0.001993163,0.002300685,0.002693406,0.003092243,0.003496045,0.003109326,0.002670379
18,0.00344082,0.002433787,0.002025871,0.003210155,0.003859341,0.003938213,0.002927912,0.001802716,0.001003456,0.000453571,0.000117061,0.0003147,0.000487757,0.000629126,0.000500093,0.000466168,0.000453487,0.000540391,0.000591413,0.000648351,0.000737163,0.001132915,0.001558744,0.001985711,0.002410831,0.002725833,0.003149814,0.003571805,0.003169152,0.002710378
19,0.003525892,0.002105126,0.001361356,0.002824213,0.003852679,0.004254201,0.003170946,0.001814938,0.000907965,0.000193732,-0.000119922,0.000133221,0.000394994,0.000579332,0.000434121,0.000388975,0.000362351,0.000441373,0.000483701,0.000534151,0.000621359,0.001022664,0.001457369,0.001896303,0.002336592,0.002806925,0.003126496,0.003575734,0.003153876,0.002675731
20,0.003292195,0.001430197,0.000298208,0.002125435,0.003610117,0.00434841,0.003182203,0.001573315,0.000603584,-0.000257155,-0.000529835,-0.000172569,0.000203684,0.000439524,0.00028591,0.000238439,0.00020614,0.000284816,0.000324415,0.00037471,0.000465314,0.000874074,0.001320987,0.00177237,0.002225395,0.002718012,0.003231778,0.003545358,0.003088997,0.00258692
21,0.002563833,0.000382403,-0.001165644,0.00097927,0.0030209,0.004178408,0.00293979,0.00106417,1.33594E-05,-0.000948416,-0.001152091,-0.000671412,-0.000124219,0.000190594,4.03922E-05,8.59093E-07,-2.66665E-05,6.27559E-05,0.000108257,0.000167692,0.0002697,0.000691118,0.001153209,0.001620665,0.002087886,0.002601044,0.003142795,0.003688503,0.00299128,0.002448803
22,0.001429225,-0.000881744,-0.002775732,-0.000489293,0.002128503,0.003792357,0.002503337,0.000409824,-0.000779054,-0.001812556,-0.001903087,-0.001330985,-0.000572803,-0.000144302,-0.000279888,-0.000300484,-0.000311502,-0.000201426,-0.000139755,-6.23729E-05,5.9062E-05,0.00050193,0.000983973,0.001469787,0.00195478,0.002489481,0.003055995,0.003632757,0.003047187,0.002310702
23,0.000331359,-0.001951213,-0.004092677,-0.001893304,0.001196429,0.003358921,0.002052727,-0.000156162,-0.001522254,-0.002602385,-0.002587998,-0.001986208,-0.001032626,-0.000487799,-0.000605158,-0.000604294,-0.000597809,-0.00046221,-0.000383047,-0.000285623,-0.000141983,0.000318768,0.000823703,0.001327774,0.001828957,0.002384973,0.00297435,0.00357506,0.002964131,0.002274139
24,-0.000402105,-0.002571083,-0.004839271,-0.002844029,0.000474689,0.003021605,0.001731591,-0.000500604,-0.002000409,-0.003131805,-0.003037792,-0.002464827,-0.001385728,-0.000749944,-0.000852135,-0.000833431,-0.000812917,-0.000656424,-0.000561212,-0.000446972,-0.000284471,0.000199178,0.000719782,0.001241787,0.001757045,0.002330058,0.002939608,0.003560521,0.002933611,0.002210599
25,-0.000801286,-0.002902024,-0.005166508,-0.003272648,7.63876E-05,0.002776485,0.001502218,-0.000709224,-0.002248798,-0.003411391,-0.003278111,-0.002728781,-0.001607748,-0.000929634,-0.001020919,-0.000988595,-0.000958925,-0.000786355,-0.000680462,-0.000553238,-0.000376094,0.000144805,0.000659059,0.001190918,0.001719542,0.002306689,0.00293145,0.003568604,0.002928619,0.002183356
26,-0.000956448,-0.003041732,-0.005282044,-0.003387783,-5.37817E-05,0.002639303,0.001378395,-0.000804558,-0.002342483,-0.003495545,-0.003370656,-0.002821623,-0.001697756,-0.001011436,-0.001094998,-0.001053419,-0.001018409,-0.000833962,-0.000721255,-0.00058484,-0.000396237,0.00014038,0.000717419,0.001209905,0.001744964,0.002346752,0.002983995,0.003632584,0.002982466,0.002218615
27,-0.00101335,-0.003078407,-0.005308482,-0.003406973,-9.28504E-05,0.002581635,0.001331759,-0.000819093,-0.00234915,-0.00348763,-0.00337587,-0.002831095,-0.00171155,-0.001019719,-0.001100287,-0.001052931,-0.001016218,-0.000823882,-0.000707319,-0.00056516,-0.000368305,0.000177561,0.000769525,0.001350481,0.001813829,0.002423151,0.003074466,0.003732211,0.003077037,0.002298867
28,-0.000997331,-0.003022829,-0.005240176,-0.003338602,-4.55372E-05,0.002597915,0.001355827,-0.000764849,-0.002283582,-0.003400722,-0.003301184,-0.002763524,-0.001654776,-0.000961734,-0.001042532,-0.000993644,-0.000958937,-0.000762412,-0.000645938,-0.000500819,-0.000299019,0.000252491,0.000853123,0.001445558,0.002027641,0.002534826,0.003192382,0.00386084,0.003202767,0.002415921
29,-0.00094366,-0.002911911,-0.005112472,-0.00322823,3.94352E-05,0.002645805,0.001416404,-0.000677228,-0.002184523,-0.003276407,-0.003182233,-0.002661686,-0.0015662,-0.000873476,-0.000955243,-0.000906003,-0.000873582,-0.000674094,-0.000558939,-0.000412364,-0.000206587,0.000349964,0.00095731,0.001556004,0.002149804,0.002812725,0.003333238,0.004005992,0.003340167,0.002547304
30,-0.000763879,-0.002654185,-0.004841017,-0.003007233,0.000216814,0.00278426,0.001575126,-0.00048638,-0.001989916,-0.003060246,-0.002972834,-0.002485522,-0.001418955,-0.000731137,-0.000818411,-0.000772219,-0.000746214,-0.000546724,-0.000435434,-0.000290887,-8.43073E-05,0.000475035,0.001087588,0.00169013,0.002289615,0.002966761,0.003679517,0.004175685,0.00351344,0.002709735
31,-0.000604603,-0.002414727,-0.004572973,-0.002815857,0.000333157,0.00284894,0.001665948,-0.000349081,-0.001838213,-0.002889016,-0.002808583,-0.002355597,-0.001326777,-0.000651305,-0.000739016,-0.000691843,-0.000667477,-0.000464213,-0.000353293,-0.000206175,3.81518E-06,0.000564909,0.001185145,0.001793999,0.002400699,0.003088679,0.003817281,0.004545272,0.003639049,0.002836968
32,-0.000252994,-0.002001174,-0.004105995,-0.002432963,0.000613793,0.003055903,0.001891697,-7.27935E-05,-0.001537805,-0.002572011,-0.002511492,-0.002093879,-0.001112731,-0.000468646,-0.000560998,-0.000517216,-0.000498248,-0.000295477,-0.000188291,-4.35413E-05,0.000166981,0.000730652,0.001351525,0.001964743,0.002577244,0.003273433,0.004011491,0.004753347,0.004013203,0.003030132
33,-6.05944E-05,-0.00175649,-0.003785133,-0.002178679,0.000758415,0.003121392,0.001964293,5.33584E-05,-0.00138391,-0.002394752,-0.0023554,-0.001956686,-0.00101359,-0.000399753,-0.000490286,-0.000442511,-0.000423087,-0.000213063,-0.000103751,4.46375E-05,0.000260744,0.000824709,0.001455046,0.002071685,0.002692473,0.003401172,0.004150316,0.004902531,0.004147488,0.003257942
34,0.000170255,-0.001486574,-0.003421291,-0.001851732,0.00098562,0.003266158,0.002106319,0.000236411,-0.001178016,-0.002172148,-0.002153616,-0.001765049,-0.000852109,-0.000265433,-0.000356181,-0.000307868,-0.000289597,-7.589E-05,3.40397E-05,0.00018365,0.000402838,0.000973196,0.001603673,0.002227204,0.002850831,0.003569908,0.004330581,0.005091308,0.004329516,0.003421297
35,0.000214579,-0.001403245,-0.003254637,-0.00168929,0.001070659,0.003281144,0.002119369,0.000281206,-0.001118684,-0.002093791,-0.002095357,-0.001706149,-0.00081162,-0.000233516,-0.0003211,-0.000266468,-0.000246468,-2.40134E-05,9.00857E-05,0.000244318,0.000470689,0.001062294,0.001675283,0.002300326,0.002933138,0.003660669,0.004433329,0.005204885,0.004439032,0.003522406
36,0.000289262,-0.001276989,-0.003065195,-0.001488904,0.00120786,0.003355741,0.002190203,0.000380055,-0.001019309,-0.001975188,-0.002002401,-0.001609994,-0.000732909,-0.000153759,-0.000239433,-0.000182663,-0.000161674,6.64957E-05,0.000183677,0.000341007,0.000571956,0.001171109,0.0018359,0.002410491,0.003044033,0.003783662,0.004564287,0.005345175,0.00457192,0.003647668
37,0.000298353,-0.001214082,-0.002943592,-0.001351622,0.001292134,0.00338018,0.002211467,0.000429659,-0.0009678,-0.001902949,-0.001952767,-0.001554202,-0.000687176,-0.000101885,-0.000184035,-0.000121749,-9.88926E-05,0.000138013,0.000259095,0.000421615,0.000658733,0.001250492,0.00192563,0.002583087,0.003135348,0.003878761,0.004671802,0.005459483,0.004679108,0.003744712
38,0.000332082,-0.00112538,-0.002803882,-0.001194228,0.001402028,0.003432326,0.002258064,0.000501748,-0.000895146,-0.001809726,-0.001883243,-0.001479211,-0.000620413,-2.73631E-05,-0.000107129,-4.16537E-05,-1.61292E-05,0.000227421,0.000352594,0.000518802,0.000761608,0.001352733,0.002020936,0.002686871,0.003356059,0.003986732,0.004782427,0.005581317,0.004802656,0.003858709
39,0.000341943,-0.001063585,-0.002698105,-0.001071462,0.00148168,0.003459258,0.002280106,0.000546398,-0.000848222,-0.001741545,-0.001835431,-0.001426301,-0.000572142,3.24192E-05,-4.13053E-05,2.88456E-05,5.82946E-05,0.00031282,0.000443019,0.00061554,0.000864634,0.00145672,0.002127394,0.002784181,0.003464034,0.004250424,0.004897173,0.005698793,0.004911721,0.00396667
40,0.000417086,-0.000940321,-0.002535044,-0.000892938,0.00161979,0.003548514,0.002365834,0.000650644,-0.000742955,-0.001617035,-0.001730396,-0.001318595,-0.000472618,0.000141628,7.11628E-05,0.000144993,0.000174842,0.000435514,0.000570716,0.000745356,0.000999217,0.001585807,0.002256483,0.002911709,0.003580449,0.004378606,0.005217965,0.005830205,0.005049887,0.004093671
41,0.000345436,-0.000968562,-0.00252356,-0.000869004,0.001606497,0.003494843,0.002310331,0.00061512,-0.00077624,-0.001629359,-0.001756071,-0.001334875,-0.000490835,0.000139036,7.88505E-05,0.000162495,0.000201256,0.000473574,0.000616958,0.000801029,0.00106311,0.001651586,0.002322743,0.002979319,0.003650057,0.004441355,0.005294484,0.006142117,0.005105539,0.004154913
42,0.000626796,-0.000646333,-0.002159581,-0.000495199,0.001942506,0.003791061,0.002598398,0.000916602,-0.000480542,-0.001326262,-0.00147354,-0.001051273,-0.000219827,0.000412171,0.000351742,0.000433004,0.000469374,0.00074311,0.000884144,0.001064791,0.001326644,0.001919556,0.002586253,0.003234466,0.00390134,0.004690523,0.005532026,0.006389995,0.005550266,0.004414967
43,0.000730835,-0.000499838,-0.001964963,-0.000289256,0.002116605,0.003933734,0.002731542,0.001064306,-0.000336571,-0.001173631,-0.001338066,-0.000905698,-7.66379E-05,0.000564131,0.00050869,0.000596307,0.000637881,0.000920337,0.001065334,0.001247755,0.001511991,0.002107642,0.002786965,0.0034329,0.004095006,0.004884785,0.005726009,0.00657564,0.005721219,0.004703323
44,0.001232334,4.32054E-05,-0.001367075,0.00032419,0.002697387,0.004480728,0.003261295,0.001601596,0.000184234,-0.000651863,-0.0008474,-0.000412804,0.000405307,0.001043311,0.000980265,0.001058664,0.001092593,0.001371413,0.001508749,0.001681425,0.001935586,0.002535582,0.003211256,0.003861181,0.004515399,0.005295164,0.006131827,0.00697611,0.006147847,0.005112139
45,0.001577696,0.000435634,-0.000927037,0.000792353,0.003139928,0.004891553,0.00365417,0.002003456,0.000568311,-0.000262279,-0.000489608,-4.92539E-05,0.000767623,0.001409447,0.001341077,0.001417747,0.001448113,0.001729217,0.001865657,0.002033273,0.0022837,0.00289974,0.003558966,0.004208872,0.004870615,0.005648246,0.006477592,0.007320342,0.006498167,0.005491168
46,0.002163727,0.001070813,-0.000243555,0.0014943,0.003817695,0.005534277,0.004276035,0.00263184,0.001170855,0.000343444,7.6129E-05,0.000515194,0.001325778,0.001969138,0.001888663,0.001952449,0.001973176,0.002248454,0.002377211,0.002533483,0.002772439,0.003387073,0.00409352,0.004691636,0.005350816,0.006134896,0.006960046,0.007792601,0.006973684,0.005971343
47,0.002782628,0.001744324,0.000480612,0.002237578,0.004528115,0.006204531,0.004925449,0.003288574,0.001800636,0.000977801,0.00066874,0.001104944,0.001905517,0.002552637,0.002459115,0.002510664,0.002518326,0.002789534,0.002910279,0.003056607,0.003285325,0.003883174,0.004593616,0.005276023,0.00585193,0.006637357,0.007472022,0.008302,0.007498946,0.006501451
48,0.003470818,0.002498896,0.00128067,0.003061796,0.005307019,0.006940945,0.005634443,0.004005804,0.002489338,0.00167229,0.00131935,0.001749655,0.002535073,0.003185829,0.003077247,0.003113495,0.003106831,0.003369041,0.003481404,0.003614703,0.003832503,0.004415259,0.005111542,0.005798953,0.006497784,0.007166495,0.008004238,0.008845444,0.008047725,0.007066838
49,0.004047826,0.00315545,0.001994911,0.003784791,0.00598172,0.00756148,0.006236029,0.00461966,0.003074254,0.002270867,0.001875883,0.002302408,0.003075307,0.003735289,0.003618026,0.003644837,0.003627831,0.003888389,0.003994069,0.004120602,0.00433152,0.004899119,0.005588617,0.006265237,0.00697591,0.007814802,0.008501973,0.009351158,0.008535371,0.007558998
50,0.004520058,0.003713561,0.00262426,0.004418832,0.006553697,0.008067811,0.006716059,0.005121203,0.003546326,0.002757824,0.00232127,0.002743653,0.003504085,0.004175728,0.00405539,0.004078339,0.004057192,0.004319933,0.004427563,0.004548775,0.004759296,0.005319744,0.006001735,0.006675825,0.007380288,0.008240224,0.009148478,0.009810823,0.008988918,0.007992806
51,0.004630333,0.003900299,0.002890622,0.004706955,0.006775944,0.008220535,0.006835267,0.00526309,0.003668153,0.002901973,0.002428402,0.002855192,0.003611756,0.004304784,0.004194092,0.004227438,0.004215894,0.004495753,0.004615328,0.004746541,0.004964758,0.005524783,0.006214275,0.006887856,0.007599258,0.008463477,0.009401779,0.010345003,0.009227409,0.008222705
52,0.005196421,0.004521779,0.003578043,0.005439967,0.007448377,0.008807554,0.00738537,0.005819018,0.004197435,0.00344205,0.002921203,0.003345303,0.004082639,0.004784001,0.004675115,0.004707334,0.004696607,0.004983536,0.005109824,0.00524142,0.005461391,0.006034918,0.006720387,0.007394216,0.00810203,0.008971097,0.00991252,0.010889354,0.009991414,0.008754759
53,0.005585741,0.004934837,0.004029104,0.005959653,0.00792611,0.009210426,0.007749667,0.006182403,0.00453494,0.003790729,0.003219397,0.003652316,0.004375919,0.005092284,0.004990108,0.005031348,0.005029295,0.005332531,0.00547105,0.005612267,0.005839754,0.006426891,0.007139242,0.007811468,0.008525403,0.009396544,0.010347658,0.011339035,0.010420551,0.009319381
54,0.006626524,0.005967073,0.005075816,0.007085916,0.009027975,0.010247204,0.008736381,0.00714666,0.005462861,0.004710416,0.004080105,0.004512591,0.005211571,0.005928438,0.005820788,0.005852725,0.005846722,0.006152014,0.006291678,0.006429034,0.006652524,0.00726698,0.007990284,0.008679987,0.009388106,0.010259362,0.011208146,0.012210785,0.011311153,0.010180383
55,0.007509156,0.006824362,0.005940642,0.008041288,0.009984824,0.011167555,0.009598699,0.007974884,0.006251712,0.005488315,0.004804262,0.005248773,0.005933783,0.006655118,0.006540146,0.006572236,0.00656302,0.006877327,0.007021796,0.007159136,0.007384661,0.008032991,0.008755752,0.00945953,0.010188689,0.011059396,0.012012547,0.013021749,0.012127934,0.011013915
56,0.009013848,0.008317662,0.007424215,0.009617987,0.011580328,0.012747587,0.011106842,0.009432228,0.007644428,0.006857233,0.006108558,0.006554558,0.007224202,0.007944567,0.007806162,0.007817751,0.007794573,0.008100846,0.008240298,0.008363988,0.008576742,0.009249085,0.01004595,0.010697004,0.011438164,0.012326822,0.013275925,0.014289961,0.013407901,0.012294984
57,0.010664741,0.009999033,0.009095104,0.011365803,0.013368138,0.014530942,0.012808635,0.011080338,0.009207117,0.008391504,0.007574351,0.008013734,0.008669186,0.00938981,0.00922693,0.00921205,0.009167243,0.009467615,0.009596258,0.009706134,0.009904327,0.010581975,0.011412538,0.012185552,0.012826518,0.013731124,0.014704122,0.015722565,0.014844756,0.013743016
58,0.012715441,0.012116702,0.011214869,0.01353969,0.015578011,0.016733445,0.014920374,0.013142827,0.01116054,0.010313097,0.009412372,0.009828933,0.010465991,0.011173718,0.010974952,0.010928995,0.010848602,0.011131478,0.011246143,0.011331422,0.011511181,0.012190803,0.013031125,0.013836548,0.014654075,0.015404048,0.016397107,0.017446802,0.01657952,0.015480271
59,0.014706251,0.014188107,0.013321785,0.015681088,0.017730787,0.018875553,0.016962699,0.015144096,0.013052053,0.01217332,0.011182989,0.01157471,0.012190502,0.012899432,0.012660669,0.012587265,0.012484734,0.012753337,0.012856489,0.012928768,0.013093047,0.013783363,0.014643786,0.015465695,0.016327775,0.017326212,0.018110767,0.019198711,0.018297097,0.017207265
60,0.016714992,0.016273783,0.015482408,0.017893129,0.019913283,0.021026774,0.019009778,0.017146264,0.014946804,0.014045332,0.012951131,0.013321265,0.013908359,0.014616159,0.014345681,0.014241745,0.01411475,0.014383107,0.014475992,0.014533854,0.014696685,0.015394975,0.016282425,0.017130918,0.018019342,0.019076065,0.020189965,0.021012027,0.020088788,0.018957884
61,0.017984271,0.017611557,0.016899052,0.019404606,0.02138643,0.022443706,0.020319809,0.018416067,0.016112214,0.015205439,0.014012588,0.014384235,0.014958167,0.015691193,0.015408826,0.015303778,0.015172656,0.015461449,0.015576482,0.015639953,0.01581511,0.016549479,0.017479944,0.018373022,0.019310455,0.020416155,0.021606923,0.022865938,0.021442384,0.02028155
62,0.020069902,0.019768816,0.019115355,0.021737551,0.023696084,0.024670389,0.02242047,0.020462555,0.01803235,0.017104142,0.015787872,0.016150078,0.01668971,0.017428491,0.01711996,0.016991912,0.016839742,0.017128776,0.017250823,0.017315375,0.017490243,0.018269447,0.019236803,0.020164953,0.02114435,0.022301745,0.023549051,0.024891869,0.023807487,0.022206248
63,0.021660104,0.021430067,0.020807525,0.023567658,0.025528783,0.026427289,0.024048195,0.022036761,0.019475712,0.018528692,0.017091494,0.017458755,0.017980073,0.018744604,0.018418292,0.018284156,0.018126186,0.01843315,0.018566993,0.018643823,0.018839075,0.019657791,0.020699787,0.021671756,0.022699131,0.023913443,0.02522865,0.026656273,0.025482087,0.024125552
64,0.024186235,0.023993132,0.023398658,0.026298528,0.028269031,0.029098951,0.026576094,0.024487993,0.021784183,0.020792491,0.019214288,0.019580208,0.020068044,0.020848669,0.020493249,0.020329552,0.020147663,0.020458903,0.020596272,0.020664225,0.020864307,0.021777886,0.022871044,0.023909651,0.024982284,0.026242326,0.027622764,0.029129576,0.02790506,0.026438506
65,0.026103374,0.025924885,0.025364222,0.028441576,0.03043002,0.031224219,0.028556583,0.026379911,0.023538168,0.022517085,0.020797213,0.021187745,0.021664586,0.022480744,0.022107224,0.021941849,0.021747717,0.022082285,0.02223989,0.022320252,0.022541143,0.023551992,0.024697569,0.025800913,0.026952205,0.028277052,0.029725274,0.031325124,0.030042354,0.028509104
66,0.02875754,0.028585032,0.028043814,0.031314751,0.033333322,0.034112194,0.031288889,0.029004179,0.025998725,0.024935147,0.023065703,0.023471825,0.023939605,0.02479038,0.024388338,0.024200296,0.023992721,0.024332016,0.024505366,0.024585725,0.024816138,0.025925157,0.027262019,0.028324041,0.029546511,0.030951141,0.032477854,0.034160466,0.03280927,0.031196148
67,0.031994918,0.031836827,0.031304593,0.034771058,0.036846522,0.037616632,0.034636671,0.032232041,0.029042033,0.027926584,0.025899146,0.026314841,0.026773483,0.027660755,0.027218679,0.027004514,0.026760527,0.027111268,0.027282972,0.02736517,0.027603616,0.028763022,0.030224171,0.031564362,0.032648233,0.034137731,0.035765548,0.037538429,0.036133456,0.034428793
68,0.035620948,0.035491654,0.034949489,0.038612,0.04075995,0.041521714,0.038377143,0.035858638,0.032464025,0.03129216,0.029101901,0.02951442,0.029963565,0.030890056,0.030405406,0.030150634,0.029873568,0.03021514,0.030394261,0.030459527,0.030708012,0.031916994,0.033450812,0.034922358,0.036389545,0.03763802,0.039380114,0.041277268,0.039793212,0.03801184
69,0.039453895,0.039365756,0.038806606,0.04264932,0.044883779,0.045634176,0.042318394,0.039688653,0.036087734,0.034855535,0.032498965,0.032906946,0.033343403,0.03431654,0.033793775,0.033503422,0.033186625,0.033532551,0.033705021,0.033770926,0.034016413,0.035287746,0.036905852,0.038452272,0.040072531,0.041835689,0.043240598,0.045288804,0.043689582,0.041800243
70,0.043282828,0.043244327,0.042687461,0.046709161,0.049036299,0.049778075,0.046282695,0.043539195,0.039730919,0.038449336,0.035917796,0.036325575,0.036753018,0.037773145,0.037217374,0.036899009,0.036547753,0.036896244,0.037079296,0.037136047,0.037405439,0.038692556,0.040406437,0.042041924,0.043741298,0.045692641,0.047788364,0.049382963,0.047714323,0.045673982
71,0.045504051,0.045502768,0.044963954,0.049195638,0.051640758,0.052404886,0.048734086,0.045888479,0.041882422,0.040581155,0.037904155,0.038352235,0.03881051,0.039938869,0.039389301,0.039093314,0.038767183,0.039165071,0.039396064,0.039496946,0.039810495,0.041164588,0.042973234,0.044737774,0.046571501,0.048640407,0.050994101,0.053503178,0.050749615,0.048589158
72,0.049386353,0.049397067,0.048863543,0.053324035,0.055897387,0.056695732,0.052857871,0.049882485,0.045650549,0.044296231,0.041438372,0.041901625,0.042359857,0.043555739,0.04299319,0.042677176,0.042327905,0.042756057,0.043012386,0.043121975,0.043470675,0.044876418,0.046753673,0.048594411,0.05054474,0.052756777,0.055265647,0.058058731,0.055932884,0.052784257
73,0.051583471,0.051554278,0.050995246,0.055709592,0.058450147,0.059326292,0.055361252,0.052290428,0.047842908,0.046453349,0.04342698,0.043943333,0.044439196,0.045764803,0.045218449,0.044936907,0.044616405,0.045101582,0.045430027,0.045591562,0.045997266,0.047443136,0.049446852,0.051377097,0.053436186,0.055806956,0.058526445,0.061551154,0.05921689,0.056470888
74,0.055247352,0.055152551,0.054540563,0.059511388,0.062425902,0.063400154,0.059300566,0.056171374,0.051512213,0.050079975,0.046850866,0.047423039,0.047938667,0.049368946,0.048835694,0.048549798,0.048228312,0.048752681,0.049114645,0.049305486,0.04974996,0.051217175,0.053263043,0.055296678,0.057438908,0.059909107,0.06283143,0.066092577,0.063646238,0.060593189
75,0.056941924,0.05677691,0.056117396,0.061384291,0.064499834,0.065602918,0.061358984,0.058181613,0.053366488,0.051940006,0.048536093,0.049216205,0.049812533,0.051396725,0.050910708,0.050686897,0.050404107,0.051016647,0.051462428,0.051718941,0.052252654,0.0538155,0.055853256,0.057948287,0.060224549,0.062832572,0.065936651,0.069490004,0.066911821,0.06367413
76,0.059477463,0.059279543,0.058537137,0.064106966,0.067442215,0.068685743,0.064323784,0.061067813,0.056091939,0.054703163,0.051156045,0.051923307,0.052616026,0.054377822,0.053939987,0.053760343,0.053527227,0.054206683,0.054742123,0.055056288,0.055654195,0.057308078,0.05957416,0.061531726,0.063871924,0.06662208,0.069921897,0.073706649,0.070988552,0.067526252
77,0.062310626,0.062161341,0.061267296,0.067126175,0.070683151,0.072051404,0.067627476,0.064286973,0.059137651,0.057802106,0.054159231,0.054988811,0.055748215,0.057709101,0.057312963,0.057175156,0.056969527,0.057733047,0.058333165,0.058718157,0.059378013,0.061037133,0.063419965,0.065710994,0.0677777,0.070603364,0.074116779,0.078157866,0.075413365,0.071708609
78,0.066134443,0.066062244,0.06493712,0.070986266,0.074732198,0.076192911,0.071778925,0.068371178,0.063069566,0.061774668,0.058074022,0.058905661,0.059701828,0.061834095,0.061475323,0.061373253,0.061187106,0.062011015,0.062701422,0.063133318,0.063874756,0.06555679,0.067965756,0.07036404,0.072900652,0.075323394,0.078981345,0.083303904,0.08050354,0.076678772
79,0.069749399,0.069751697,0.068366205,0.074466624,0.07832101,0.079866415,0.075511214,0.072107475,0.066704191,0.065453391,0.061720048,0.062535541,0.063316929,0.065606603,0.065281404,0.065220704,0.065071325,0.065956215,0.066715237,0.06722801,0.068021777,0.069682488,0.072150463,0.074556758,0.077213515,0.080277677,0.083427882,0.08798108,0.085100581,0.081106523
80,0.074002126,0.074019672,0.072448276,0.07847783,0.082329368,0.08390142,0.0796176,0.076264879,0.070836533,0.069623725,0.065866859,0.0666549,0.067406162,0.06975435,0.069487139,0.069459733,0.069331045,0.070295342,0.071132079,0.071703702,0.072602223,0.074210337,0.07667599,0.079133685,0.081786572,0.085013882,0.089086235,0.093002455,0.090154433,0.085966958
81,0.076754084,0.076704369,0.075024758,0.080937231,0.084753301,0.08633963,0.082120697,0.078843704,0.073450028,0.072271572,0.068533267,0.069292857,0.070044422,0.072442336,0.072226542,0.072273116,0.07218336,0.073215545,0.074149466,0.07479871,0.075763349,0.077350241,0.079802014,0.082233762,0.084938202,0.088179775,0.092504855,0.097685328,0.093692649,0.089423776
82,0.083126323,0.083022848,0.081243734,0.087016157,0.090762805,0.092348199,0.088196769,0.084956591,0.079585635,0.078391907,0.074623346,0.075286254,0.075967325,0.078307814,0.078093527,0.078109007,0.077970485,0.078995852,0.079938604,0.080590107,0.081589812,0.083096143,0.085464256,0.087815272,0.090415131,0.093700205,0.098108894,0.103580709,0.10065599,0.095404148
83,0.086022892,0.085871137,0.083988113,0.08965322,0.093367578,0.094987813,0.09092349,0.087769819,0.082442423,0.081276784,0.077524894,0.078161204,0.078812336,0.081191152,0.081023241,0.081088005,0.08098216,0.082043203,0.083051743,0.083766987,0.084817181,0.086245089,0.088609196,0.090869251,0.093402254,0.096612625,0.101177449,0.106911344,0.103833622,0.099217634
84,0.089726305,0.089525946,0.087545044,0.093096314,0.096782548,0.098442161,0.094476966,0.091408736,0.086146099,0.085002365,0.081257706,0.081858268,0.082487443,0.084856337,0.084754302,0.084839592,0.084739272,0.085848249,0.086893313,0.08765719,0.088770281,0.090154454,0.092443151,0.094668505,0.097080183,0.100208463,0.104772517,0.110773219,0.107816227,0.102909332
85,0.088147466,0.087904796,0.08581282,0.091282672,0.094979102,0.096715526,0.092864215,0.089920101,0.084748243,0.083698558,0.08002591,0.080668829,0.081355558,0.083847344,0.083872677,0.084106227,0.08411464,0.08536154,0.086565939,0.08747104,0.088735651,0.090157921,0.092444317,0.094609481,0.097004976,0.10007743,0.1046865,0.110879542,0.107930098,0.103006647
86,0.088521915,0.088257603,0.086061742,0.091426244,0.095112443,0.096929206,0.093187865,0.090368417,0.085285336,0.084309037,0.08070041,0.081368159,0.082091075,0.084645908,0.084791956,0.085111232,0.085178763,0.086511995,0.087828733,0.088821505,0.090192884,0.09161662,0.093985732,0.096004085,0.098250903,0.101262645,0.105865937,0.112141489,0.109372399,0.104318487
87,0.088403744,0.088111719,0.08583082,0.091093321,0.09476578,0.096662175,0.093045111,0.090343755,0.08536728,0.084467804,0.080918319,0.081607516,0.08236661,0.084989543,0.085226942,0.085642175,0.085740083,0.087139204,0.08854173,0.089621966,0.091059242,0.092434768,0.094810408,0.096933945,0.09886591,0.10168437,0.10631413,0.112671489,0.110119339,0.105138797
88,0.090015564,0.089723171,0.087356372,0.092500052,0.096142512,0.09809874,0.094606841,0.092028919,0.087138885,0.086319154,0.082817127,0.083488629,0.084254457,0.086911377,0.087219148,0.087677728,0.087766448,0.089171202,0.09061683,0.091721295,0.093216703,0.094503932,0.096790923,0.098855573,0.10088554,0.103237845,0.107728732,0.11417013,0.111778268,0.1069227
89,0.09071384,0.090425753,0.088006533,0.093025343,0.096631042,0.098672819,0.095288763,0.092867269,0.088083722,0.087339888,0.083930407,0.084609146,0.085386161,0.088095432,0.08849872,0.089029645,0.089133224,0.090552192,0.092029,0.093206228,0.094732463,0.096004282,0.098220763,0.100151563,0.102056223,0.104622746,0.10860067,0.114983378,0.112711738,0.107926919
90,0.092791763,0.092460612,0.089994164,0.094899118,0.098429417,0.100515874,0.097262861,0.09493848,0.090282788,0.089596833,0.086251178,0.086930825,0.08769817,0.090401312,0.090865058,0.091448746,0.091534025,0.092956402,0.094430158,0.095613625,0.097203959,0.098384822,0.100581675,0.102377159,0.104018973,0.106444997,0.110901567,0.116638543,0.114687779,0.109933333
91,0.09061498,0.090279985,0.087696756,0.092524456,0.096022234,0.098148621,0.095024547,0.092840054,0.088279903,0.08770801,0.08446627,0.085222224,0.086053064,0.08886971,0.089455435,0.090157493,0.090357483,0.091842754,0.093410605,0.094680777,0.096319889,0.097515102,0.099695881,0.101464094,0.10291635,0.105040559,0.109442515,0.11610205,0.113141558,0.108623956
92,0.093506034,0.093194363,0.090551147,0.095199815,0.098629752,0.100757273,0.097711762,0.095634429,0.091121205,0.090589492,0.087368505,0.08808779,0.088920492,0.09167695,0.09230542,0.092986509,0.093109075,0.094604666,0.096135552,0.09739105,0.099037664,0.100140996,0.102218727,0.103843895,0.105053662,0.106905087,0.111005427,0.117583091,0.115952679,0.110601564
93,0.092924309,0.092638558,0.089973181,0.094474996,0.09782351,0.09998511,0.097017599,0.09504098,0.090607413,0.090059994,0.086928586,0.08759236,0.088427781,0.091251254,0.091911177,0.092659491,0.092808576,0.094261822,0.095865252,0.097168729,0.09882598,0.099890832,0.101946944,0.103430431,0.104417959,0.105994741,0.109849117,0.116250773,0.114868577,0.110445812
