x,1996,1997,1998,1999,2000,2001,2002,2003,2004,2005,2006,2007,2008,2009,2010,2011,2012,2013,2014,2015,2016,2017,2018,2019,2020,2021,2022,2023,2024,2025
7,-0.000156497,-0.000128547,-0.00012014,-0.000109014,-8.88551E-05,-9.42319E-05,-9.41929E-05,-0.000115044,-0.000133642,-0.000159346,-0.000187484,-0.000184086,-0.000181571,-0.000193179,-0.000167494,-0.000146902,-0.000148694,-0.000110886,-9.7709E-05,-7.64529E-05,-4.62674E-05,-3.35281E-05,-2.41092E-05,-2.10627E-05,-2.32636E-05,-2.02284E-05,-1.57621E-05,-1.31664E-05,-7.94365E-06,-7.36874E-06
8,-0.00012487,-0.000100775,-9.4775E-05,-8.50841E-05,-6.09036E-05,-7.3303E-05,-7.31605E-05,-7.0318E-05,-0.000104925,-0.000128412,-0.000142621,-0.000147859,-0.000158117,-0.000155476,-0.000148216,-0.000125911,-0.00012424,-9.76725E-05,-8.57986E-05,-7.09474E-05,-4.32548E-05,-2.89305E-05,-1.93234E-05,-1.7954E-05,-1.84136E-05,-1.82452E-05,-1.4067E-05,-1.19683E-05,-6.42763E-06,-5.46805E-06
9,-9.49371E-05,-6.70126E-05,-6.51324E-05,-5.80079E-05,-3.53929E-05,-4.34944E-05,-5.08414E-05,-4.78907E-05,-5.72496E-05,-9.77741E-05,-0.000109625,-0.00010011,-0.000119539,-0.000130508,-0.000108122,-0.000105406,-0.000101919,-7.168E-05,-7.1753E-05,-5.82904E-05,-3.74014E-05,-2.57934E-05,-1.40459E-05,-1.28965E-05,-1.51401E-05,-1.30692E-05,-1.19292E-05,-1.01326E-05,-5.11433E-06,-3.81368E-06
10,-5.85913E-05,-3.51266E-05,-2.91589E-05,-2.64218E-05,-6.57484E-06,-1.63412E-05,-1.90968E-05,-2.41304E-05,-3.33967E-05,-4.69921E-05,-7.69848E-05,-6.50413E-05,-6.87382E-05,-8.94749E-05,-8.15932E-05,-6.27914E-05,-8.01209E-05,-4.79678E-05,-4.41394E-05,-4.33708E-05,-2.3959E-05,-1.96351E-05,-1.07791E-05,-6.89913E-06,-9.79455E-06,-9.56928E-06,-6.40815E-06,-7.8314E-06,-3.12939E-06,-2.37918E-06
11,-1.19805E-05,3.52974E-06,4.75529E-06,1.18566E-05,2.70006E-05,1.42936E-05,9.77299E-06,9.63017E-06,-8.15585E-06,-2.16275E-05,-2.29564E-05,-3.03909E-05,-3.14682E-05,-3.54858E-05,-3.80203E-05,-3.4622E-05,-3.48532E-05,-2.48312E-05,-1.89606E-05,-1.4054E-05,-8.12396E-06,-5.41845E-06,-4.30173E-06,-3.49661E-06,-3.03465E-06,-3.87451E-06,-2.66905E-06,-1.94556E-06,-6.55132E-07,-2.36926E-07
12,-7.5554E-06,1.43785E-05,1.10679E-05,1.76966E-05,3.53147E-05,2.12321E-05,1.4603E-05,1.87941E-05,-3.05626E-06,-1.54592E-05,-1.47129E-05,-2.55316E-05,-2.62841E-05,-3.30444E-05,-3.65853E-05,-3.26593E-05,-3.25186E-05,-2.33456E-05,-1.65237E-05,-1.30451E-05,-7.22332E-06,-4.77343E-06,-3.65892E-06,-2.86783E-06,-2.4361E-06,-1.4403E-06,-2.29559E-06,-1.52114E-06,-1.71142E-07,3.17017E-07
13,-2.97224E-06,1.90541E-05,2.25832E-05,2.43961E-05,4.15006E-05,3.00526E-05,2.19729E-05,2.39182E-05,6.67394E-06,-1.00372E-05,-8.15926E-06,-1.67903E-05,-2.11245E-05,-2.75401E-05,-3.39986E-05,-3.11393E-05,-3.0436E-05,-2.08739E-05,-1.49495E-05,-1.04618E-05,-6.15623E-06,-3.91582E-06,-3.08218E-06,-2.30305E-06,-1.89747E-06,-8.23075E-07,4.38408E-07,-1.14161E-06,2.61849E-07,8.12873E-07
14,3.79855E-06,2.38993E-05,2.75472E-05,3.66269E-05,4.86044E-05,3.66196E-05,3.1346E-05,3.17414E-05,1.21211E-05,2.99714E-07,-2.39734E-06,-9.83845E-06,-1.18452E-05,-2.20609E-05,-2.81621E-05,-2.83977E-05,-2.88235E-05,-1.86699E-05,-1.23296E-05,-8.79349E-06,-3.41904E-06,-2.87292E-06,-2.2705E-06,-1.79797E-06,-1.41527E-06,-2.69884E-07,1.0755E-06,1.9101E-06,6.47742E-07,1.25512E-06
15,1.00437E-05,3.10739E-05,3.26975E-05,4.19061E-05,6.15926E-05,4.41688E-05,3.83326E-05,4.16966E-05,2.04379E-05,6.09401E-06,8.58262E-06,-3.72269E-06,-4.4614E-06,-1.22071E-05,-2.23491E-05,-2.22071E-05,-2.59152E-05,-1.69641E-05,-9.99323E-06,-6.01513E-06,-1.65169E-06,-4.95783E-08,-1.25323E-06,-1.03399E-06,-9.85862E-07,2.23294E-07,1.64422E-06,2.56856E-06,4.0361E-06,1.64799E-06
16,6.54217E-06,2.77849E-05,2.89147E-05,3.91789E-05,5.87952E-05,3.73538E-05,3.43556E-05,3.80134E-05,1.52093E-05,1.72587E-06,5.53614E-06,-9.47606E-06,-7.66956E-06,-1.60698E-05,-2.75E-05,-2.52447E-05,-2.91521E-05,-1.84845E-05,-1.08864E-05,-7.2383E-06,-3.10722E-06,-1.04829E-06,-2.94057E-06,-1.9439E-06,-1.97304E-06,-6.45354E-07,7.30913E-07,1.61427E-06,3.04611E-06,3.58067E-06
17,2.19693E-06,2.40549E-05,2.54295E-05,3.51709E-05,5.59057E-05,3.43966E-05,2.71325E-05,3.37988E-05,1.13135E-05,-3.81547E-06,9.05504E-07,-1.27042E-05,-1.37718E-05,-1.94682E-05,-3.15982E-05,-3.07132E-05,-3.23775E-05,-2.19231E-05,-1.25015E-05,-8.18611E-06,-4.40557E-06,-2.65824E-06,-4.07337E-06,-3.8152E-06,-3.02718E-06,-1.6059E-06,-9.54222E-08,7.49953E-07,2.14848E-06,2.6565E-06
18,-3.3448E-06,1.94318E-05,2.14759E-05,3.14795E-05,5.16572E-05,3.13419E-05,2.40076E-05,2.61344E-05,6.85134E-06,-7.94415E-06,-4.97439E-06,-1.76154E-05,-1.71953E-05,-2.59426E-05,-3.52045E-05,-3.50655E-05,-3.81849E-05,-2.53492E-05,-1.61527E-05,-9.90003E-06,-5.411E-06,-3.14153E-06,-5.84836E-06,-5.09123E-06,-5.0949E-06,-2.64522E-06,-1.02764E-06,-3.14632E-08,1.33612E-06,1.81905E-06
19,-8.63886E-06,1.35384E-05,1.65708E-05,2.72879E-05,4.77456E-05,2.6841E-05,2.07747E-05,2.28223E-05,-1.28198E-06,-1.26802E-05,-9.35816E-06,-2.38559E-05,-2.24102E-05,-2.95766E-05,-4.20786E-05,-3.88974E-05,-4.28103E-05,-3.15166E-05,-1.97918E-05,-1.37755E-05,-7.2292E-06,-4.3481E-06,-5.46554E-06,-7.04323E-06,-6.52424E-06,-4.76692E-06,-2.05112E-06,-9.33674E-07,6.02397E-07,1.06177E-06
20,-1.51076E-05,7.90758E-06,1.03103E-05,2.20798E-05,4.3299E-05,2.2693E-05,1.5998E-05,1.93909E-05,-4.79716E-06,-2.13244E-05,-1.4393E-05,-2.8511E-05,-2.90423E-05,-3.51183E-05,-4.59394E-05,-4.62012E-05,-4.68852E-05,-3.64302E-05,-2.63425E-05,-1.76393E-05,-1.13419E-05,-6.40539E-06,-6.88666E-06,-5.74085E-06,-8.6659E-06,-6.21813E-06,-4.22984E-06,-1.94047E-06,-2.67865E-07,3.78492E-07
21,-2.38699E-05,1.02477E-06,4.32275E-06,1.54233E-05,3.77662E-05,1.79701E-05,1.15893E-05,1.43126E-05,-8.44533E-06,-2.50673E-05,-2.35878E-05,-3.38619E-05,-3.39945E-05,-4.21698E-05,-5.18282E-05,-5.03067E-05,-5.46495E-05,-4.07594E-05,-3.15639E-05,-2.45964E-05,-1.54434E-05,-1.08882E-05,-9.19906E-06,-7.39188E-06,-6.38693E-06,-8.43126E-06,-5.70402E-06,-4.17973E-06,-1.25676E-06,-4.58102E-07
22,-2.38703E-05,1.02805E-06,4.32745E-06,1.54285E-05,3.77777E-05,1.7986E-05,1.16059E-05,1.43288E-05,-8.42956E-06,-2.50588E-05,-2.35876E-05,-3.38581E-05,-3.39949E-05,-4.21747E-05,-5.18318E-05,-5.03109E-05,-5.46586E-05,-4.07656E-05,-3.15724E-05,-2.46048E-05,-1.54475E-05,-1.09968E-05,-9.43934E-06,-7.80004E-06,-7.00432E-06,-5.06492E-06,-5.911E-06,-4.35502E-06,-1.38799E-06,-5.32113E-07
23,-2.38702E-05,1.03223E-06,4.33302E-06,1.54348E-05,3.77892E-05,1.80015E-05,1.16218E-05,1.43443E-05,-8.41476E-06,-2.50502E-05,-2.35873E-05,-3.38538E-05,-3.39946E-05,-4.21785E-05,-5.1834E-05,-5.03137E-05,-5.46661E-05,-4.07701E-05,-3.15791E-05,-2.46119E-05,-1.5451E-05,-1.10955E-05,-9.65814E-06,-8.17167E-06,-7.56672E-06,-5.59384E-06,-3.14134E-06,-4.51471E-06,-1.50759E-06,-5.99557E-07
24,-2.38697E-05,1.03589E-06,4.33806E-06,1.54402E-05,3.77993E-05,1.80146E-05,1.16354E-05,1.43576E-05,-8.40154E-06,-2.50423E-05,-2.35868E-05,-3.38497E-05,-3.39935E-05,-4.21809E-05,-5.18352E-05,-5.03149E-05,-5.46711E-05,-4.0773E-05,-3.15837E-05,-2.46169E-05,-1.54533E-05,-1.1185E-05,-9.85732E-06,-8.51017E-06,-8.07875E-06,-6.07564E-06,-3.57604E-06,-2.37843E-06,-1.61653E-06,-6.61002E-07
25,-2.3869E-05,1.03802E-06,4.34145E-06,1.54441E-05,3.78065E-05,1.80245E-05,1.16463E-05,1.43678E-05,-8.39085E-06,-2.50358E-05,-2.35863E-05,-3.3846E-05,-3.39921E-05,-4.21821E-05,-5.18349E-05,-5.03148E-05,-5.46741E-05,-4.07743E-05,-3.15866E-05,-2.46202E-05,-1.54548E-05,-1.1266E-05,-1.00387E-05,-8.81843E-06,-8.54517E-06,-6.51437E-06,-3.97206E-06,-2.71377E-06,-1.51029E-07,-7.16987E-07
26,-2.38686E-05,1.0383E-06,4.34256E-06,1.54458E-05,3.78105E-05,1.80308E-05,1.16539E-05,1.43749E-05,-8.38257E-06,-2.50305E-05,-2.35859E-05,-3.3843E-05,-3.39907E-05,-4.21822E-05,-5.18341E-05,-5.0314E-05,-5.46757E-05,-4.07748E-05,-3.15881E-05,-2.46222E-05,-1.54555E-05,-1.13394E-05,-1.02038E-05,-9.09924E-06,-8.96994E-06,-6.91398E-06,-4.3328E-06,-3.01927E-06,-3.80792E-07,3.68131E-08
27,-2.38684E-05,1.03671E-06,4.34174E-06,1.54454E-05,3.78117E-05,1.80342E-05,1.16588E-05,1.43792E-05,-8.37679E-06,-2.50266E-05,-2.35858E-05,-3.38409E-05,-3.39894E-05,-4.21819E-05,-5.18328E-05,-5.03129E-05,-5.46762E-05,-4.0775E-05,-3.15892E-05,-2.46234E-05,-1.5456E-05,-1.14059E-05,-1.03541E-05,-9.35508E-06,-9.35693E-06,-7.27793E-06,-4.66138E-06,-3.29755E-06,-5.90145E-07,-8.13884E-08
28,-2.38686E-05,1.03357E-06,4.33922E-06,1.54437E-05,3.78109E-05,1.80352E-05,1.16618E-05,1.43818E-05,-8.37279E-06,-2.50238E-05,-2.35857E-05,-3.38393E-05,-3.39886E-05,-4.21813E-05,-5.18315E-05,-5.03119E-05,-5.46766E-05,-4.07751E-05,-3.15902E-05,-2.46244E-05,-1.54563E-05,-1.05123E-05,-1.0491E-05,-9.58813E-06,-9.70956E-06,-7.60954E-06,-4.96069E-06,-3.551E-06,-7.80872E-07,-1.89072E-07
29,-2.38692E-05,1.02973E-06,4.33577E-06,1.5441E-05,3.78092E-05,1.80355E-05,1.16639E-05,1.43835E-05,-8.36979E-06,-2.50217E-05,-2.35859E-05,-3.38379E-05,-3.39881E-05,-4.2181E-05,-5.18305E-05,-5.03112E-05,-5.46772E-05,-4.07756E-05,-3.15912E-05,-2.46255E-05,-1.54568E-05,-1.06525E-05,-8.64561E-06,-9.8005E-06,-1.00309E-05,-7.91171E-06,-5.23342E-06,-3.78186E-06,-9.54594E-07,-2.87161E-07
30,-2.387E-05,1.02565E-06,4.33208E-06,1.54381E-05,3.78076E-05,1.80357E-05,1.16659E-05,1.43852E-05,-8.36692E-06,-2.50201E-05,-2.35861E-05,-3.38369E-05,-3.39878E-05,-4.21811E-05,-5.18301E-05,-5.0311E-05,-5.46781E-05,-4.07764E-05,-3.15926E-05,-2.46268E-05,-1.54574E-05,-1.07805E-05,-8.93485E-06,-6.94305E-06,-1.03237E-05,-8.18704E-06,-5.48192E-06,-3.99222E-06,-1.11282E-06,-3.76492E-07
31,-2.38711E-05,1.02168E-06,4.32865E-06,1.54355E-05,3.78062E-05,1.80365E-05,1.16684E-05,1.43875E-05,-8.3638E-06,-2.50185E-05,-2.35867E-05,-3.38361E-05,-3.39878E-05,-4.21817E-05,-5.18298E-05,-5.03113E-05,-5.46797E-05,-4.07776E-05,-3.15944E-05,-2.46284E-05,-1.54581E-05,-1.08971E-05,-9.1984E-06,-7.39118E-06,-6.39009E-06,-8.43795E-06,-5.70833E-06,-4.1839E-06,-1.25697E-06,-4.57853E-07
32,-2.38724E-05,1.01753E-06,4.32535E-06,1.54332E-05,3.78054E-05,1.80379E-05,1.16713E-05,1.43902E-05,-8.36038E-06,-2.50167E-05,-2.35874E-05,-3.38354E-05,-3.39879E-05,-4.21823E-05,-5.183E-05,-5.03117E-05,-5.46816E-05,-4.0779E-05,-3.15963E-05,-2.46303E-05,-1.5459E-05,-1.10035E-05,-9.43843E-06,-7.79943E-06,-7.00734E-06,-5.06781E-06,-5.91464E-06,-4.35851E-06,-1.38827E-06,-5.31976E-07
33,-2.38737E-05,1.01271E-06,4.32154E-06,1.54306E-05,3.78044E-05,1.80391E-05,1.16745E-05,1.43926E-05,-8.3565E-06,-2.50148E-05,-2.35882E-05,-3.38348E-05,-3.39882E-05,-4.2183E-05,-5.18298E-05,-5.03119E-05,-5.46833E-05,-4.07803E-05,-3.15984E-05,-2.4632E-05,-1.54598E-05,-1.11004E-05,-9.65707E-06,-8.17124E-06,-7.56965E-06,-5.59663E-06,-3.1424E-06,-4.51763E-06,-1.50788E-06,-5.99488E-07
34,-2.38755E-05,1.00662E-06,4.31662E-06,1.5427E-05,3.78019E-05,1.80392E-05,1.16771E-05,1.43943E-05,-8.3533E-06,-2.50129E-05,-2.35894E-05,-3.38339E-05,-3.39882E-05,-4.21832E-05,-5.18291E-05,-5.03114E-05,-5.46846E-05,-4.07809E-05,-3.15999E-05,-2.46335E-05,-1.54604E-05,-1.11885E-05,-9.85615E-06,-8.50991E-06,-8.08178E-06,-6.0784E-06,-3.57726E-06,-2.37961E-06,-1.61684E-06,-6.60987E-07
35,-2.38774E-05,9.98519E-07,4.30976E-06,1.54216E-05,3.7797E-05,1.80372E-05,1.16787E-05,1.43946E-05,-8.35047E-06,-2.50114E-05,-2.35909E-05,-3.38331E-05,-3.39877E-05,-4.21823E-05,-5.1827E-05,-5.03098E-05,-5.46846E-05,-4.07809E-05,-3.16009E-05,-2.46345E-05,-1.54607E-05,-1.12684E-05,-1.00373E-05,-8.81836E-06,-8.54835E-06,-6.51721E-06,-3.97345E-06,-2.71501E-06,-1.50671E-07,-7.17005E-07
36,-2.38797E-05,9.88114E-07,4.30064E-06,1.54141E-05,3.77894E-05,1.80325E-05,1.16786E-05,1.4393E-05,-8.34853E-06,-2.50102E-05,-2.35928E-05,-3.38322E-05,-3.39868E-05,-4.218E-05,-5.18234E-05,-5.03067E-05,-5.46833E-05,-4.07798E-05,-3.16013E-05,-2.46348E-05,-1.54605E-05,-1.13407E-05,-1.0202E-05,-9.09921E-06,-8.97342E-06,-6.91695E-06,-4.33435E-06,-3.02058E-06,-3.80626E-07,3.69211E-08
37,-2.38822E-05,9.75725E-07,4.28921E-06,1.54046E-05,3.77795E-05,1.80258E-05,1.16772E-05,1.43899E-05,-8.34737E-06,-2.50091E-05,-2.35949E-05,-3.38312E-05,-3.39856E-05,-4.21765E-05,-5.18181E-05,-5.03022E-05,-5.46808E-05,-4.07781E-05,-3.16012E-05,-2.46346E-05,-1.54601E-05,-1.14061E-05,-1.03517E-05,-9.35493E-06,-9.36068E-06,-7.28115E-06,-4.66309E-06,-3.29896E-06,-5.90122E-07,-8.13937E-08
38,-2.38847E-05,9.62425E-07,4.27661E-06,1.53938E-05,3.77687E-05,1.80183E-05,1.16756E-05,1.43865E-05,-8.34606E-06,-2.50082E-05,-2.3597E-05,-3.38302E-05,-3.3984E-05,-4.21725E-05,-5.18117E-05,-5.02968E-05,-5.46777E-05,-4.07762E-05,-3.16009E-05,-2.46344E-05,-1.54595E-05,-1.05127E-05,-1.04879E-05,-9.58775E-06,-9.71368E-06,-7.61298E-06,-4.96259E-06,-3.55251E-06,-7.80979E-07,-1.89169E-07
39,-2.38872E-05,9.49675E-07,4.26427E-06,1.53832E-05,3.77586E-05,1.8012E-05,1.16749E-05,1.43843E-05,-8.34365E-06,-2.50067E-05,-2.35992E-05,-3.38289E-05,-3.39826E-05,-4.21685E-05,-5.18054E-05,-5.02913E-05,-5.46752E-05,-4.07748E-05,-3.16014E-05,-2.46346E-05,-1.54592E-05,-1.06518E-05,-8.6432E-06,-9.7999E-06,-1.00356E-05,-7.91551E-06,-5.23549E-06,-3.78352E-06,-9.5478E-07,-2.87345E-07
40,-2.38896E-05,9.39012E-07,4.25377E-06,1.53742E-05,3.77513E-05,1.80088E-05,1.16766E-05,1.43847E-05,-8.33926E-06,-2.50041E-05,-2.36011E-05,-3.38274E-05,-3.39817E-05,-4.21654E-05,-5.18001E-05,-5.02871E-05,-5.46743E-05,-4.07748E-05,-3.16034E-05,-2.46361E-05,-1.54595E-05,-1.07788E-05,-8.93161E-06,-6.9426E-06,-1.03293E-05,-8.19146E-06,-5.48431E-06,-3.99401E-06,-1.11309E-06,-3.76718E-07
41,-2.38919E-05,9.3081E-07,4.24622E-06,1.53681E-05,3.7748E-05,1.80098E-05,1.16817E-05,1.43888E-05,-8.33219E-06,-2.50004E-05,-2.36026E-05,-3.38257E-05,-3.39814E-05,-4.21644E-05,-5.17968E-05,-5.0285E-05,-5.46761E-05,-4.07769E-05,-3.16076E-05,-2.46396E-05,-1.54608E-05,-1.0895E-05,-9.19436E-06,-7.39066E-06,-6.39397E-06,-8.44338E-06,-5.71123E-06,-4.18597E-06,-1.25729E-06,-4.58096E-07
42,-2.38941E-05,9.24831E-07,4.24119E-06,1.53646E-05,3.77483E-05,1.80149E-05,1.169E-05,1.43961E-05,-8.32263E-06,-2.49956E-05,-2.36044E-05,-3.38235E-05,-3.39819E-05,-4.21654E-05,-5.17956E-05,-5.02849E-05,-5.46807E-05,-4.07809E-05,-3.16139E-05,-2.46451E-05,-1.54631E-05,-1.10016E-05,-9.43379E-06,-7.79891E-06,-7.01251E-06,-5.07185E-06,-5.91835E-06,-4.36108E-06,-1.38867E-06,-5.32212E-07
43,-2.38964E-05,9.19434E-07,4.23751E-06,1.53624E-05,3.77502E-05,1.80219E-05,1.17004E-05,1.4405E-05,-8.31147E-06,-2.49899E-05,-2.36065E-05,-3.38211E-05,-3.39826E-05,-4.21678E-05,-5.17956E-05,-5.02862E-05,-5.4687E-05,-4.07861E-05,-3.16216E-05,-2.46522E-05,-1.54664E-05,-1.10993E-05,-9.65204E-06,-8.17086E-06,-7.57632E-06,-5.60197E-06,-3.14512E-06,-4.52092E-06,-1.50841E-06,-5.99727E-07
44,-2.38992E-05,9.11912E-07,4.23259E-06,1.53593E-05,3.77503E-05,1.80272E-05,1.17104E-05,1.44132E-05,-8.30032E-06,-2.49839E-05,-2.36093E-05,-3.38184E-05,-3.39832E-05,-4.21698E-05,-5.17951E-05,-5.02869E-05,-5.46936E-05,-4.07909E-05,-3.16296E-05,-2.46596E-05,-1.54699E-05,-1.11886E-05,-9.85078E-06,-8.50975E-06,-8.09003E-06,-6.08523E-06,-3.58081E-06,-2.38252E-06,-1.61754E-06,-6.61247E-07
45,-2.39025E-05,8.9967E-07,4.22329E-06,1.53526E-05,3.77452E-05,1.80275E-05,1.17172E-05,1.44176E-05,-8.29086E-06,-2.49787E-05,-2.36128E-05,-3.38157E-05,-3.39827E-05,-4.21699E-05,-5.17922E-05,-5.02853E-05,-5.46979E-05,-4.0794E-05,-3.16363E-05,-2.46662E-05,-1.54727E-05,-1.12696E-05,-1.00315E-05,-8.81827E-06,-8.55824E-06,-6.52559E-06,-3.97798E-06,-2.71864E-06,-1.51035E-07,-7.17308E-07
46,-2.39065E-05,8.81077E-07,4.2076E-06,1.534E-05,3.77323E-05,1.80202E-05,1.17192E-05,1.44162E-05,-8.28449E-06,-2.49745E-05,-2.36172E-05,-3.38129E-05,-3.39809E-05,-4.21667E-05,-5.17851E-05,-5.02797E-05,-5.46986E-05,-4.07943E-05,-3.16408E-05,-2.46708E-05,-1.54744E-05,-1.13424E-05,-1.01955E-05,-9.09902E-06,-8.98475E-06,-6.92683E-06,-4.3399E-06,-3.02507E-06,-3.8105E-07,3.62698E-08
47,-1.01411E-05,3.28304E-05,2.38504E-05,3.51079E-05,6.64818E-05,4.11156E-05,2.62283E-05,3.97398E-05,4.8837E-06,-9.97451E-06,-4.69845E-06,-2.35082E-05,-2.40387E-05,-3.76593E-05,-4.92615E-05,-4.67624E-05,-5.05068E-05,-3.7912E-05,-2.68258E-05,-2.2631E-05,-1.37467E-05,-1.06178E-05,-9.47837E-06,-8.40605E-06,-8.33511E-06,-6.16059E-06,-3.43571E-06,-1.95881E-06,8.76931E-07,1.51897E-06
48,4.3386E-06,4.74841E-05,5.79919E-05,5.60852E-05,8.75675E-05,7.18087E-05,5.08871E-05,5.51899E-05,3.19029E-05,4.05479E-06,1.12713E-05,-3.33383E-06,-1.30604E-05,-2.7057E-05,-4.44522E-05,-4.40755E-05,-4.67675E-05,-3.34481E-05,-2.37642E-05,-1.75022E-05,-1.15725E-05,-6.94111E-06,-8.84519E-06,-7.79674E-06,-7.76748E-06,-5.48883E-06,-2.6405E-06,-1.01843E-06,1.9888E-06,2.83292E-06
49,2.48199E-05,6.29114E-05,7.3662E-05,9.26001E-05,0.00010997,9.43426E-05,8.36951E-05,8.14991E-05,4.84088E-05,3.28856E-05,2.62201E-05,1.37129E-05,8.45902E-06,-1.5339E-05,-3.31399E-05,-3.89514E-05,-4.39132E-05,-2.94661E-05,-1.90165E-05,-1.42392E-05,-6.10504E-06,-4.90814E-06,-3.0866E-06,-7.26359E-06,-7.27451E-06,-4.903E-06,-1.94444E-06,-1.9249E-07,2.96839E-06,3.99316E-06
50,4.34453E-05,8.47915E-05,9.01899E-05,0.000109394,0.000149041,0.000118325,0.000107829,0.00011656,7.65462E-05,5.05255E-05,5.69999E-05,2.96939E-05,2.66669E-05,7.64587E-06,-2.06252E-05,-2.68843E-05,-3.84585E-05,-2.64261E-05,-1.47791E-05,-9.17509E-06,-2.62203E-06,6.64443E-07,-1.20412E-06,7.18717E-07,-6.84941E-06,-4.39533E-06,-1.3383E-06,5.29584E-07,3.82801E-06,5.01472E-06
51,3.35273E-05,7.52698E-05,7.89896E-05,0.000100909,0.000140429,9.84078E-05,9.55831E-05,0.000104236,5.86566E-05,3.61493E-05,4.79562E-05,1.39312E-05,1.84688E-05,-1.68028E-06,-3.2389E-05,-3.3287E-05,-4.46503E-05,-2.92352E-05,-1.63576E-05,-1.13702E-05,-5.23604E-06,-1.36674E-06,-4.74564E-06,-1.47076E-06,2.00276E-07,-5.46286E-06,-2.45597E-06,-6.35239E-07,2.62183E-06,3.77394E-06
52,2.19786E-05,6.46372E-05,6.88424E-05,8.89745E-05,0.000131398,8.92585E-05,7.43546E-05,9.11836E-05,4.55485E-05,1.70691E-05,3.26195E-05,4.31774E-06,1.66665E-06,-1.03992E-05,-4.23163E-05,-4.5833E-05,-5.14891E-05,-3.5839E-05,-1.93593E-05,-1.30481E-05,-7.56636E-06,-4.36132E-06,-7.14486E-06,-5.51087E-06,-2.42303E-06,3.56519E-07,-3.46352E-06,-1.68462E-06,1.53643E-06,2.65822E-06
53,8.41764E-06,5.22488E-05,5.74929E-05,7.81515E-05,0.000118663,7.96493E-05,6.46204E-05,6.85036E-05,3.1642E-05,3.07343E-06,1.22336E-05,-1.20324E-05,-8.5895E-06,-2.83219E-05,-5.16081E-05,-5.64331E-05,-6.48921E-05,-4.31376E-05,-2.64112E-05,-1.62452E-05,-9.34532E-06,-7.03695E-06,-1.0553E-05,-8.31325E-06,-7.00426E-06,-2.1742E-06,1.04932E-06,-2.6291E-06,5.60835E-07,1.65625E-06
54,-4.24415E-06,3.76823E-05,4.42402E-05,6.6018E-05,0.000107094,6.60496E-05,5.43703E-05,5.80889E-05,7.40447E-06,-1.18043E-05,-2.74934E-06,-3.38048E-05,-2.60649E-05,-3.92766E-05,-7.07419E-05,-6.6366E-05,-7.62323E-05,-5.74475E-05,-3.42114E-05,-2.3767E-05,-1.27451E-05,-9.1095E-06,-1.36048E-05,-1.21771E-05,-1.02455E-05,-6.81367E-06,-1.38227E-06,4.95504E-07,-3.1503E-07,7.57531E-07
55,-1.93069E-05,2.40465E-05,2.86251E-05,5.18169E-05,9.40887E-05,5.36667E-05,3.98202E-05,4.70925E-05,-3.73951E-06,-3.77674E-05,-1.87046E-05,-4.98261E-05,-4.93633E-05,-5.79638E-05,-8.24475E-05,-8.68234E-05,-8.68693E-05,-6.95642E-05,-4.95053E-05,-3.20939E-05,-2.0763E-05,-1.28973E-05,-1.59975E-05,-1.56455E-05,-1.46072E-05,-1.00494E-05,-6.08224E-06,-1.83289E-06,1.3384E-06,-4.74114E-08
56,-3.87601E-05,7.79799E-06,1.39812E-05,3.50556E-05,7.88332E-05,3.97167E-05,2.65529E-05,3.14598E-05,-1.55222E-05,-4.97412E-05,-4.65523E-05,-6.6904E-05,-6.65317E-05,-8.28932E-05,-0.000102425,-9.9354E-05,-0.00010876,-8.0936E-05,-6.24683E-05,-4.84291E-05,-2.96462E-05,-2.16037E-05,-2.02096E-05,-1.83948E-05,-1.85319E-05,-1.44991E-05,-9.31018E-06,-6.59838E-06,-8.78574E-07,4.12296E-08
57,-3.87834E-05,7.68565E-06,1.3883E-05,3.49761E-05,7.87545E-05,3.96738E-05,2.65645E-05,3.14558E-05,-1.54838E-05,-4.97166E-05,-4.65739E-05,-6.68891E-05,-6.65225E-05,-8.28764E-05,-0.000102387,-9.93242E-05,-0.000108762,-8.09369E-05,-6.24918E-05,-4.84536E-05,-2.96552E-05,-2.17412E-05,-2.05158E-05,-1.89258E-05,-1.93466E-05,-1.52635E-05,-9.99607E-06,-7.17803E-06,-1.30975E-06,-2.0078E-07
58,-3.88117E-05,7.54511E-06,1.37559E-05,3.48704E-05,7.8644E-05,3.96013E-05,2.65579E-05,3.14306E-05,-1.54557E-05,-4.96965E-05,-4.65998E-05,-6.68748E-05,-6.65086E-05,-8.2844E-05,-0.000102331,-9.92762E-05,-0.000108747,-8.09264E-05,-6.25058E-05,-4.84685E-05,-2.96584E-05,-1.99211E-05,-2.07915E-05,-1.94094E-05,-2.00916E-05,-1.5962E-05,-1.06228E-05,-7.70742E-06,-1.7048E-06,-4.22916E-07
59,-3.88447E-05,7.37979E-06,1.36025E-05,3.47406E-05,7.85075E-05,3.95063E-05,2.65381E-05,3.139E-05,-1.54338E-05,-4.96797E-05,-4.66299E-05,-6.68613E-05,-6.64919E-05,-8.27992E-05,-0.000102259,-9.92137E-05,-0.00010872,-8.09091E-05,-6.2515E-05,-4.84774E-05,-2.96576E-05,-2.01962E-05,-1.7001E-05,-1.98497E-05,-2.0774E-05,-1.66011E-05,-1.11956E-05,-8.191E-06,-2.06584E-06,-6.26658E-07
60,-3.88818E-05,7.19609E-06,1.34296E-05,3.4593E-05,7.83543E-05,3.94001E-05,2.65144E-05,3.13439E-05,-1.5411E-05,-4.96627E-05,-4.66631E-05,-6.68481E-05,-6.64749E-05,-8.27475E-05,-0.000102175,-9.91427E-05,-0.000108688,-8.08914E-05,-6.25264E-05,-4.84866E-05,-2.9656E-05,-2.04437E-05,-1.75767E-05,-1.39465E-05,-2.14006E-05,-1.71872E-05,-1.17201E-05,-8.63319E-06,-2.39582E-06,-8.12684E-07
61,-3.8922E-05,7.00063E-06,1.32454E-05,3.44358E-05,7.81958E-05,3.92954E-05,2.64977E-05,3.13039E-05,-1.53784E-05,-4.96415E-05,-4.6699E-05,-6.68336E-05,-6.64596E-05,-8.26955E-05,-0.000102088,-9.90702E-05,-0.000108662,-8.08799E-05,-6.25474E-05,-4.85034E-05,-2.96575E-05,-2.06685E-05,-1.80994E-05,-1.48571E-05,-1.32232E-05,-1.77266E-05,-1.22016E-05,-9.03836E-06,-2.69746E-06,-9.82486E-07
62,-3.89645E-05,6.79783E-06,1.30555E-05,3.42755E-05,7.804E-05,3.92011E-05,2.64963E-05,3.12784E-05,-1.5329E-05,-4.96119E-05,-4.67373E-05,-6.68161E-05,-6.64469E-05,-8.26482E-05,-0.000102002,-9.9001E-05,-0.000108646,-8.08791E-05,-6.25833E-05,-4.85336E-05,-2.96652E-05,-2.08745E-05,-1.8574E-05,-1.56886E-05,-1.45017E-05,-1.07229E-05,-1.2645E-05,-9.41088E-06,-2.97328E-06,-1.13749E-06
63,-3.90091E-05,6.58764E-06,1.28609E-05,3.4113E-05,7.7889E-05,3.91195E-05,2.65138E-05,3.12708E-05,-1.52589E-05,-4.95712E-05,-4.6778E-05,-6.67941E-05,-6.64362E-05,-8.26081E-05,-0.000101919,-9.89366E-05,-0.000108646,-8.08902E-05,-6.26366E-05,-4.85802E-05,-2.96807E-05,-2.1065E-05,-1.90049E-05,-1.64473E-05,-1.56749E-05,-1.18221E-05,-6.89017E-06,-9.7547E-06,-3.22584E-06,-1.27895E-06
64,-3.90562E-05,6.3651E-06,1.26576E-05,3.39449E-05,7.77366E-05,3.90461E-05,2.65479E-05,3.12778E-05,-1.51683E-05,-4.95188E-05,-4.68215E-05,-6.6766E-05,-6.64257E-05,-8.25729E-05,-0.000101837,-9.88744E-05,-0.000108659,-8.09108E-05,-6.27055E-05,-4.86427E-05,-2.97038E-05,-2.12417E-05,-1.93961E-05,-1.71406E-05,-1.67512E-05,-1.28325E-05,-7.79267E-06,-5.32679E-06,-3.45748E-06,-1.40826E-06
65,-3.91067E-05,6.12169E-06,1.24367E-05,3.37631E-05,7.75715E-05,3.89689E-05,2.65912E-05,3.12914E-05,-1.50614E-05,-4.94552E-05,-4.68685E-05,-6.67312E-05,-6.64121E-05,-8.25373E-05,-0.000101749,-9.88083E-05,-0.000108679,-8.09355E-05,-6.27855E-05,-4.87172E-05,-2.97322E-05,-2.14048E-05,-1.97499E-05,-1.77733E-05,-1.77417E-05,-1.37613E-05,-8.62235E-06,-6.02471E-06,-4.24248E-07,-1.52667E-06
66,-3.91614E-05,5.84866E-06,1.2188E-05,3.35576E-05,7.73815E-05,3.88753E-05,2.66345E-05,3.13023E-05,-1.49439E-05,-4.93827E-05,-4.69191E-05,-6.66895E-05,-6.63929E-05,-8.24942E-05,-0.000101647,-9.87301E-05,-0.000108697,-8.09578E-05,-6.28713E-05,-4.87986E-05,-2.97631E-05,-2.1553E-05,-2.00686E-05,-1.83499E-05,-1.86526E-05,-1.46162E-05,-9.38523E-06,-6.66743E-06,-8.95412E-07,2.11583E-08
67,-4.57977E-05,-1.71294E-05,2.92338E-06,1.98846E-05,6.50951E-05,2.92536E-05,2.07788E-05,1.48263E-05,-1.99916E-05,-5.9066E-05,-5.91736E-05,-7.33687E-05,-7.28548E-05,-8.53635E-05,-0.000103162,-9.99242E-05,-0.000111389,-8.19171E-05,-6.44997E-05,-4.95789E-05,-3.03908E-05,-2.20153E-05,-2.0724E-05,-1.92886E-05,-1.99513E-05,-1.59065E-05,-1.06366E-05,-7.86222E-06,-1.98875E-06,-9.4367E-07
68,-5.28411E-05,-2.4528E-05,-2.23245E-05,9.82757E-06,5.01328E-05,1.591E-05,1.0409E-05,8.4759E-06,-3.78876E-05,-6.4571E-05,-6.98301E-05,-8.66123E-05,-8.01291E-05,-9.2359E-05,-0.000106197,-0.000101582,-0.000112774,-8.48418E-05,-6.56032E-05,-5.1338E-05,-3.11746E-05,-2.1354E-05,-2.13013E-05,-2.01296E-05,-2.11302E-05,-1.70754E-05,-1.17669E-05,-8.93798E-06,-2.96941E-06,-1.80501E-06
69,-6.30241E-05,-3.2441E-05,-3.04996E-05,-1.79716E-05,3.90746E-05,-4.59021E-07,-4.10822E-06,-2.87422E-06,-4.47396E-05,-8.42218E-05,-7.59643E-05,-9.81691E-05,-9.4642E-05,-0.000100277,-0.00011376,-0.000104917,-0.000114683,-8.63593E-05,-6.88698E-05,-5.2534E-05,-3.30304E-05,-2.23776E-05,-1.92023E-05,-2.08814E-05,-2.22009E-05,-1.81349E-05,-1.27873E-05,-9.90631E-06,-3.84683E-06,-2.57191E-06
70,-7.25676E-05,-4.3923E-05,-3.93116E-05,-2.70117E-05,8.23977E-06,-1.26077E-05,-2.20627E-05,-1.88824E-05,-5.71448E-05,-9.18289E-05,-9.77429E-05,-0.000104817,-0.000107399,-0.000116204,-0.000122382,-0.000113256,-0.000118459,-8.84726E-05,-7.06256E-05,-5.61125E-05,-3.42806E-05,-2.45611E-05,-2.05028E-05,-1.72292E-05,-2.31747E-05,-1.90964E-05,-1.3709E-05,-1.07777E-05,-4.63127E-06,-3.25304E-06
71,-6.81445E-05,-3.98496E-05,-3.44722E-05,-2.33233E-05,1.19786E-05,1.00445E-06,-1.65489E-05,-1.0636E-05,-4.95864E-05,-8.58581E-05,-9.41385E-05,-9.46559E-05,-0.000104138,-0.000110146,-0.000114755,-0.000108991,-0.000114462,-8.66666E-05,-6.9708E-05,-5.5415E-05,-3.26693E-05,-2.41432E-05,-1.99125E-05,-1.74634E-05,-1.65927E-05,-1.9313E-05,-1.38195E-05,-1.07673E-05,-4.45765E-06,-2.89555E-06
72,-6.29262E-05,-3.52289E-05,-3.00716E-05,-1.80059E-05,1.59164E-05,5.14427E-06,-1.48386E-06,-4.62418E-06,-4.04656E-05,-7.76868E-05,-8.78485E-05,-9.06525E-05,-9.31392E-05,-0.000106637,-0.000108126,-0.000100767,-0.000109993,-8.23654E-05,-6.78728E-05,-5.444E-05,-3.18566E-05,-2.25138E-05,-1.9605E-05,-1.7035E-05,-1.71096E-05,-1.36033E-05,-1.39372E-05,-1.07733E-05,-4.31124E-06,-2.58115E-06
73,-5.66888E-05,-2.97096E-05,-2.50411E-05,-1.31376E-05,2.16764E-05,9.53592E-06,3.23895E-06,1.19546E-05,-3.374E-05,-6.77584E-05,-7.91259E-05,-8.36674E-05,-8.88422E-05,-9.46333E-05,-0.000104249,-9.35973E-05,-0.000101191,-7.75294E-05,-6.33173E-05,-5.24616E-05,-3.07301E-05,-2.17272E-05,-1.79492E-05,-1.68968E-05,-1.68803E-05,-1.39505E-05,-9.15803E-06,-1.07954E-05,-4.18958E-06,-2.30547E-06
74,-5.08585E-05,-2.30313E-05,-1.8981E-05,-7.53407E-06,2.69735E-05,1.59821E-05,8.28511E-06,1.72063E-05,-1.52798E-05,-6.04154E-05,-6.84288E-05,-7.3941E-05,-8.12415E-05,-8.99248E-05,-9.10105E-05,-8.94074E-05,-9.35082E-05,-6.79131E-05,-5.81607E-05,-4.74947E-05,-2.84889E-05,-2.05727E-05,-1.71875E-05,-1.52535E-05,-1.6954E-05,-1.35066E-05,-9.30625E-06,-7.00959E-06,-4.09048E-06,-2.06476E-06
75,-4.37154E-05,-1.67691E-05,-1.15864E-05,-7.37512E-07,3.31198E-05,2.19651E-05,1.56675E-05,2.28569E-05,-9.2304E-06,-4.00181E-05,-6.05344E-05,-6.19401E-05,-7.05601E-05,-8.15331E-05,-8.57056E-05,-7.48725E-05,-8.90647E-05,-5.94581E-05,-4.77273E-05,-4.18335E-05,-2.294E-05,-1.81671E-05,-1.59927E-05,-1.45739E-05,-1.53374E-05,-1.34078E-05,-8.61188E-06,-6.95809E-06,-1.32285E-06,-1.85561E-06
76,-3.19965E-05,-9.00423E-06,-4.59795E-06,7.61456E-06,4.06404E-05,2.89526E-05,2.26135E-05,3.11638E-05,-2.66632E-06,-3.32644E-05,-3.80788E-05,-5.29353E-05,-5.72722E-05,-6.96571E-05,-7.62691E-05,-6.90012E-05,-7.31717E-05,-5.45103E-05,-3.85083E-05,-3.03136E-05,-1.65735E-05,-1.20831E-05,-1.33815E-05,-1.33907E-05,-1.4774E-05,-1.14732E-05,-8.30462E-06,-6.00795E-06,-1.03213E-06,-1.8103E-07
77,-3.20476E-05,-9.37267E-06,-5.02776E-06,7.24546E-06,4.01433E-05,2.85511E-05,2.24867E-05,3.11135E-05,-2.44255E-06,-3.30158E-05,-3.80136E-05,-5.27428E-05,-5.71194E-05,-6.9513E-05,-7.60125E-05,-6.87901E-05,-7.31246E-05,-5.45159E-05,-3.86365E-05,-3.04402E-05,-1.66113E-05,-1.21435E-05,-1.35271E-05,-1.37418E-05,-1.54206E-05,-1.20873E-05,-8.85758E-06,-6.47906E-06,-1.36345E-06,-3.63658E-07
78,-3.20968E-05,-9.77112E-06,-5.50051E-06,6.83442E-06,3.95881E-05,2.80946E-05,2.23285E-05,3.10442E-05,-2.20635E-06,-3.27451E-05,-3.79352E-05,-5.25235E-05,-5.69393E-05,-6.93377E-05,-7.57138E-05,-6.85412E-05,-7.30547E-05,-5.45085E-05,-3.87668E-05,-3.05718E-05,-1.66492E-05,-1.09556E-05,-1.36403E-05,-1.40507E-05,-1.60192E-05,-1.26571E-05,-9.37219E-06,-6.91753E-06,-1.672E-06,-5.33791E-07
79,-3.21417E-05,-1.01926E-05,-6.01088E-06,6.38401E-06,3.89826E-05,2.75907E-05,2.21436E-05,3.09618E-05,-1.95113E-06,-3.24464E-05,-3.78411E-05,-5.22762E-05,-5.67304E-05,-6.91293E-05,-7.53703E-05,-6.82512E-05,-7.29598E-05,-5.44865E-05,-3.88985E-05,-3.07087E-05,-1.66872E-05,-1.11108E-05,-1.09931E-05,-1.43183E-05,-1.65733E-05,-1.31871E-05,-9.85165E-06,-7.32769E-06,-1.95618E-06,-6.93507E-07
80,-3.21797E-05,-1.06278E-05,-6.54886E-06,5.9006E-06,3.83371E-05,2.7053E-05,2.19413E-05,3.08759E-05,-1.66924E-06,-3.21133E-05,-3.77269E-05,-5.19986E-05,-5.64917E-05,-6.88875E-05,-7.49811E-05,-6.79185E-05,-7.28393E-05,-5.44499E-05,-3.90322E-05,-3.08519E-05,-1.67259E-05,-1.12408E-05,-1.13032E-05,-1.00147E-05,-1.70846E-05,-1.36801E-05,-1.02991E-05,-7.7123E-06,-2.21966E-06,-8.40383E-07
81,-3.22074E-05,-1.10672E-05,-7.10355E-06,5.39332E-06,3.76637E-05,2.64943E-05,2.17332E-05,3.07977E-05,-1.35022E-06,-3.17402E-05,-3.75876E-05,-5.16852E-05,-5.62221E-05,-6.86136E-05,-7.45465E-05,-6.75429E-05,-7.26946E-05,-5.4399E-05,-3.91688E-05,-3.10035E-05,-1.67662E-05,-1.13473E-05,-1.15602E-05,-1.06002E-05,-1.08183E-05,-1.41382E-05,-1.07171E-05,-8.07349E-06,-2.46452E-06,-9.76741E-07
82,-3.22214E-05,-1.15034E-05,-7.66635E-06,4.86886E-06,3.69714E-05,2.59231E-05,2.15264E-05,3.0734E-05,-9.87122E-07,-3.13205E-05,-3.74182E-05,-5.13299E-05,-5.59171E-05,-6.83087E-05,-7.40689E-05,-6.71242E-05,-7.25274E-05,-5.43346E-05,-3.93093E-05,-3.1166E-05,-1.68095E-05,-1.14307E-05,-1.17648E-05,-1.11118E-05,-1.17858E-05,-8.77251E-06,-1.11085E-05,-8.41414E-06,-2.69166E-06,-1.10351E-06
83,-3.22184E-05,-1.19319E-05,-8.23362E-06,4.33013E-06,3.62615E-05,2.53405E-05,2.13214E-05,3.06854E-05,-5.78372E-07,-3.08502E-05,-3.72128E-05,-5.09274E-05,-5.55715E-05,-6.7973E-05,-7.35507E-05,-6.66639E-05,-7.23393E-05,-5.42566E-05,-3.94538E-05,-3.13415E-05,-1.68568E-05,-1.14941E-05,-1.19198E-05,-1.15488E-05,-1.26644E-05,-9.6265E-06,-6.72634E-06,-8.73796E-06,-2.90279E-06,-1.22057E-06
84,-3.2195E-05,-1.23514E-05,-8.80498E-06,3.77509E-06,3.55296E-05,2.4739E-05,2.11115E-05,3.06462E-05,-1.26052E-07,-3.03288E-05,-3.69666E-05,-5.04711E-05,-5.51817E-05,-6.76065E-05,-7.29915E-05,-6.61633E-05,-7.21311E-05,-5.41644E-05,-3.96017E-05,-3.15309E-05,-1.69089E-05,-1.15401E-05,-1.20284E-05,-1.19213E-05,-1.34524E-05,-1.0412E-05,-7.44908E-06,-5.42242E-06,-3.10015E-06,-1.32874E-06
85,-3.21488E-05,-1.27638E-05,-9.38369E-06,3.19922E-06,3.47646E-05,2.41059E-05,2.08835E-05,3.06039E-05,3.61793E-07,-2.97569E-05,-3.66768E-05,-4.99561E-05,-5.47416E-05,-6.72107E-05,-7.23904E-05,-6.56193E-05,-7.19024E-05,-5.4056E-05,-3.97505E-05,-3.17337E-05,-1.69659E-05,-1.15709E-05,-1.20938E-05,-1.22322E-05,-1.41758E-05,-1.11304E-05,-8.12363E-06,-6.00939E-06,-8.48396E-07,-1.42932E-06
86,-3.20781E-05,-1.31699E-05,-9.97544E-06,2.59675E-06,3.39573E-05,2.34262E-05,2.06225E-05,3.05454E-05,8.73984E-07,-2.91379E-05,-3.63423E-05,-4.93809E-05,-5.42469E-05,-6.67833E-05,-7.17467E-05,-6.50262E-05,-7.16456E-05,-5.39265E-05,-3.98951E-05,-3.19464E-05,-1.70261E-05,-1.15877E-05,-1.21194E-05,-1.24852E-05,-1.48356E-05,-1.17989E-05,-8.75346E-06,-6.56857E-06,-1.21515E-06,-3.50371E-07
87,-3.19822E-05,-1.35703E-05,-1.05817E-05,1.96098E-06,3.31017E-05,2.26907E-05,2.03145E-05,3.04588E-05,1.40041E-06,-2.84774E-05,-3.59636E-05,-4.87435E-05,-5.36933E-05,-6.63174E-05,-7.10505E-05,-6.43756E-05,-7.13457E-05,-5.37635E-05,-4.00261E-05,-3.21609E-05,-1.70856E-05,-1.15897E-05,-1.21062E-05,-1.26839E-05,-1.54341E-05,-1.24183E-05,-9.34507E-06,-7.10404E-06,-1.56073E-06,-5.32472E-07
88,-3.18609E-05,-1.39634E-05,-1.12027E-05,1.29125E-06,3.21923E-05,2.18973E-05,1.9952E-05,3.03359E-05,1.9336E-06,-2.77794E-05,-3.55426E-05,-4.80434E-05,-5.30724E-05,-6.57988E-05,-7.02857E-05,-6.36492E-05,-7.09826E-05,-5.35492E-05,-4.01293E-05,-3.23644E-05,-1.71384E-05,-1.07077E-05,-1.20525E-05,-1.2826E-05,-1.59741E-05,-1.29857E-05,-9.89802E-06,-7.61265E-06,-1.89067E-06,-7.07193E-07
89,-3.17136E-05,-1.43466E-05,-1.18358E-05,5.87398E-07,3.12333E-05,2.10428E-05,1.95334E-05,3.01749E-05,2.47046E-06,-2.70463E-05,-3.50792E-05,-4.72809E-05,-5.23744E-05,-6.51997E-05,-6.94279E-05,-6.28221E-05,-7.05268E-05,-5.32618E-05,-4.01853E-05,-3.25406E-05,-1.7176E-05,-1.07811E-05,-9.84511E-06,-1.29035E-05,-1.64442E-05,-1.34957E-05,-1.04054E-05,-8.0922E-06,-2.2003E-06,-8.79257E-07
90,-3.15385E-05,-1.47143E-05,-1.24757E-05,-1.47423E-07,3.02292E-05,2.0136E-05,1.90565E-05,2.99772E-05,3.01025E-06,-2.62769E-05,-3.45692E-05,-4.64523E-05,-5.1589E-05,-6.44888E-05,-6.84469E-05,-6.18692E-05,-6.99498E-05,-5.28784E-05,-4.01739E-05,-3.26724E-05,-1.719E-05,-1.08157E-05,-9.95182E-06,-9.04927E-06,-1.68251E-05,-1.39334E-05,-1.08575E-05,-8.53389E-06,-2.49205E-06,-1.04402E-06
91,-3.13318E-05,-1.50584E-05,-1.3115E-05,-9.08926E-07,2.91863E-05,1.91819E-05,1.85259E-05,2.9744E-05,3.55463E-06,-2.54706E-05,-3.40052E-05,-4.55532E-05,-5.07072E-05,-6.36401E-05,-6.73191E-05,-6.07671E-05,-6.92306E-05,-5.23829E-05,-4.00791E-05,-3.27464E-05,-1.7175E-05,-1.08063E-05,-9.98977E-06,-9.39327E-06,-1.06775E-05,-1.4282E-05,-1.12424E-05,-8.92781E-06,-2.7632E-06,-1.20251E-06
92,-3.10889E-05,-1.53666E-05,-1.37409E-05,-1.68952E-06,2.81166E-05,1.81914E-05,1.79449E-05,2.9481E-05,4.10748E-06,-2.46253E-05,-3.33794E-05,-4.45763E-05,-4.97258E-05,-6.26438E-05,-6.60414E-05,-5.95104E-05,-6.83636E-05,-5.17728E-05,-3.98957E-05,-3.27594E-05,-1.71305E-05,-1.07509E-05,-9.95532E-06,-9.62879E-06,-1.14408E-05,-8.95387E-06,-1.15514E-05,-9.26765E-06,-3.00879E-06,-1.35165E-06
93,-3.08058E-05,-1.56217E-05,-1.43347E-05,-2.47478E-06,2.70415E-05,1.71872E-05,1.73242E-05,2.91965E-05,4.67262E-06,-2.37373E-05,-3.2687E-05,-4.35219E-05,-4.86488E-05,-6.15185E-05,-6.46375E-05,-5.81214E-05,-6.737E-05,-5.1064E-05,-3.96348E-05,-3.27227E-05,-1.70634E-05,-1.06574E-05,-9.85351E-06,-9.75204E-06,-1.20441E-05,-9.65009E-06,-7.17576E-06,-9.55553E-06,-3.22726E-06,-1.48704E-06
94,-3.04799E-05,-1.58082E-05,-1.48722E-05,-3.24555E-06,2.5988E-05,1.61987E-05,1.66834E-05,2.89044E-05,5.25685E-06,-2.28088E-05,-3.19276E-05,-4.23963E-05,-4.74951E-05,-6.03058E-05,-6.31522E-05,-5.66407E-05,-6.62907E-05,-5.02841E-05,-3.93183E-05,-3.26576E-05,-1.69858E-05,-1.05392E-05,-9.69423E-06,-9.78018E-06,-1.24847E-05,-1.02192E-05,-7.79987E-06,-6.25881E-06,-3.42117E-06,-1.60755E-06
95,-3.01112E-05,-1.59126E-05,-1.53294E-05,-3.97374E-06,2.49921E-05,1.52658E-05,1.60538E-05,2.86269E-05,5.87011E-06,-2.18397E-05,-3.11115E-05,-4.1207E-05,-4.62879E-05,-5.90663E-05,-6.16441E-05,-5.51226E-05,-6.51799E-05,-4.9471E-05,-3.89753E-05,-3.25921E-05,-1.69112E-05,-1.04127E-05,-9.49063E-06,-9.72544E-06,-1.28126E-05,-1.06674E-05,-8.33588E-06,-6.81896E-06,-1.23055E-06,-1.71519E-06
96,-2.97021E-05,-1.59273E-05,-1.56886E-05,-4.63527E-06,2.40848E-05,1.44225E-05,1.5468E-05,2.83866E-05,6.5212E-06,-2.08323E-05,-3.02522E-05,-3.99714E-05,-4.50442E-05,-5.78529E-05,-6.01666E-05,-5.36122E-05,-6.40828E-05,-4.86531E-05,-3.8628E-05,-3.2547E-05,-1.68492E-05,-1.02931E-05,-9.2574E-06,-9.60357E-06,-1.30397E-05,-1.10325E-05,-8.79259E-06,-7.3321E-06,-1.60217E-06,-7.19362E-07
