x,1998,1999,2000,2001,2002,2003,2004,2005,2006,2007,2008,2009,2010,2011,2012,2013,2014,2015,2016,2017,2018,2019,2020,2021,2022,2023,2024,2025,2026,2027
9,-0.002364394,-0.002293799,-0.002282151,-0.002337032,-0.002406605,-0.002458391,-0.002533623,-0.002788755,-0.002889052,-0.002758251,-0.002259352,-0.002361137,-0.002459841,-0.002609443,-0.002766647,-0.002901398,-0.002998484,-0.002968119,-0.00280223,-0.002483952,-0.002115469,-0.001752859,-0.001451579,-0.001164246,-0.000923735,-0.00074123,-0.000607992,-0.00364804,-0.007949916,-0.013284497
10,-0.003582401,-0.001594882,-0.001514203,-0.001546985,-0.001581274,-0.001610864,-0.001653534,-0.001700069,-0.001937038,-0.002007864,-0.001838656,-0.00191205,-0.001974942,-0.002047245,-0.002154217,-0.002246529,-0.002339629,-0.002354852,-0.002264664,-0.002036343,-0.001747209,-0.001472076,-0.001234581,-0.001012945,-0.000810758,-0.000636783,-0.000515857,-0.000441614,-0.003736436,-0.008346602
11,-0.00196803,-0.000973444,-0.000946564,-0.000931271,-0.000947744,-0.000963419,-0.000991884,-0.001015505,-0.001043373,-0.001281365,-0.001339524,-0.001375282,-0.001420103,-0.00146404,-0.00149785,-0.001565923,-0.001621752,-0.00164648,-0.001623411,-0.001485891,-0.001290056,-0.001105678,-0.0009426,-0.00077766,-0.000640278,-0.000503832,-0.000390146,-0.000330781,-0.000295213,-0.003828834
12,-0.000924113,-0.00042255,-0.000383768,-0.00040269,-0.000390935,-0.00040223,-0.000421621,-0.000437431,-0.000449948,-0.000475538,-0.000718961,-0.000750297,-0.000767596,-0.000806085,-0.000820209,-0.000832473,-0.000878857,-0.000876528,-0.000882971,-0.00082733,-0.000725989,-0.000640891,-0.000560295,-0.000464931,-0.00038359,-0.000312616,-0.000236294,-0.000186085,-0.000167644,-0.000141981
13,3.28873E-05,8.03558E-05,0.000125941,0.000121491,0.000114547,0.000105528,8.67262E-05,7.54284E-05,6.47611E-05,4.72623E-05,2.67456E-05,4.92341E-06,-2.17641E-05,-4.67203E-05,-6.63254E-05,-7.82869E-05,-8.29644E-05,-8.26078E-05,-7.81289E-05,-6.35089E-05,-4.75053E-05,-6.23099E-05,-7.54568E-05,-5.96261E-05,-4.60226E-05,-3.18196E-05,-2.23732E-05,-1.31586E-05,-5.38614E-06,1.95335E-06
14,0.000118106,0.000211039,0.000247949,0.000248122,0.000239522,0.000227223,0.000213119,0.00020702,0.000185372,0.000174447,0.00014057,0.00010605,6.62794E-05,2.64846E-05,-5.00659E-06,-2.669E-05,-2.87413E-05,-3.06726E-05,-2.50375E-05,-8.18781E-06,5.73429E-06,0.000749348,0.000723108,0.000743215,0.000740251,0.000759776,0.000951881,0.0009392,0.000911503,0.000878308
15,0.000205513,0.000301622,0.000388895,0.000381031,0.000377973,0.000362883,0.000345221,0.000343304,0.000326369,0.000303376,0.000276062,0.000230468,0.000177286,0.000123222,7.56792E-05,4.07599E-05,2.81759E-05,2.87585E-05,3.1728E-05,5.01077E-05,6.66255E-05,0.000743245,0.00153499,0.001526726,0.00154483,0.001522499,0.001538723,0.001919238,0.001874715,0.001796011
16,0.00019171,0.000291104,0.000379379,0.000359319,0.000357944,0.000342336,0.000325338,0.0003231,0.000307142,0.000282693,0.000256122,0.000208293,0.000157319,0.000106008,6.1186E-05,2.92793E-05,1.95574E-05,2.29178E-05,2.59772E-05,4.5898E-05,6.31057E-05,0.00069097,0.00140329,0.001262415,0.001248928,0.001259636,0.001231506,0.001227367,0.001559117,0.001499076
17,0.000173821,0.000276581,0.000367563,0.000344556,0.000332589,0.000318397,0.00030055,0.00030001,0.000283748,0.000260182,0.000232381,0.000186128,0.000133142,8.38924E-05,4.14251E-05,1.19312E-05,5.43481E-06,1.19368E-05,1.75275E-05,3.78504E-05,5.6579E-05,0.000639775,0.001307741,0.001158594,0.000999713,0.00098632,0.000986446,0.000949354,0.000933969,0.001197823
18,0.000151151,0.000259668,0.000352579,0.000326731,0.000314085,0.000288552,0.000272183,0.000271986,0.000257274,0.000234204,0.000207057,0.000158909,0.000107908,5.63077E-05,1.5508E-05,-1.18917E-05,-1.57059E-05,-5.46621E-06,3.17048E-06,2.6455E-05,4.55214E-05,0.000605536,0.00121986,0.001095768,0.000934602,0.000762398,0.000745548,0.000732165,0.000693671,0.000667053
19,0.000133922,0.000240063,0.000334022,0.000305167,0.000292259,0.000266108,0.000237616,0.000240183,0.000225638,0.000204379,0.000178515,0.000128999,7.63651E-05,2.68154E-05,-1.68163E-05,-4.26681E-05,-4.40144E-05,-3.03972E-05,-1.79347E-05,8.73674E-06,3.09189E-05,0.000572655,0.001167806,0.00104072,0.000903981,0.000734526,0.000544756,0.000520661,0.000500733,0.000459394
20,0.000112505,0.000216965,0.000311143,0.000280068,0.000267017,0.000240717,0.000211163,0.000201801,0.000189887,0.000168645,0.000145007,9.51157E-05,4.15614E-05,-9.67998E-06,-5.11559E-05,-7.99846E-05,-7.93171E-05,-6.23901E-05,-4.63343E-05,-1.55937E-05,1.02235E-05,0.000396613,0.001121549,0.001011697,0.00087476,0.000728604,0.000545768,0.000333522,0.000307802,0.000279591
21,9.0782E-05,0.000191201,0.000277763,0.000252106,0.00023914,0.000212837,0.000182518,0.000172641,0.00014775,0.000128979,0.000105591,5.62064E-05,2.8714E-06,-4.91697E-05,-9.22328E-05,-0.000118547,-0.00012066,-0.000100943,-8.12507E-05,-4.67685E-05,-1.65457E-05,0.000368365,0.00078721,0.000982974,0.000862294,0.000718031,0.000556974,0.00035527,0.000124712,9.49925E-05
22,6.8217E-05,0.000163635,0.0002464,0.000215637,0.000209247,0.00018312,0.000152148,0.000141622,0.000115978,8.29784E-05,6.24114E-05,1.19721E-05,-4.03568E-05,-9.18837E-05,-0.000135421,-0.000163099,-0.000162202,-0.000144971,-0.000122137,-8.38914E-05,-4.9611E-05,0.000350809,0.000753837,0.000700777,0.000845197,0.000715842,0.000558296,0.000376439,0.000159607,-9.2915E-05
23,3.91488E-05,0.00013488,0.000213364,0.000183148,0.000171946,0.000152125,0.000121029,0.000109569,8.31182E-05,4.89142E-05,1.3223E-05,-3.48161E-05,-8.82528E-05,-0.000138488,-0.000181043,-0.000208949,-0.000209263,-0.000188584,-0.000168232,-0.000126709,-8.83732E-05,0.000316246,0.000747134,0.000669769,0.000606134,0.000705352,0.000561101,0.000384226,0.000185024,-5.05273E-05
24,4.09735E-05,0.000130443,0.000204839,0.000175715,0.000165151,0.000140472,0.000115239,0.000103415,7.63737E-05,4.11232E-05,4.80097E-06,-4.27551E-05,-9.60879E-05,-0.000146051,-0.000188028,-0.000215429,-0.000215241,-0.000194213,-0.000173576,-0.000131884,-9.35719E-05,0.000320211,0.000740953,0.000684732,0.000595257,0.000519138,0.000571043,0.000404756,0.000212522,-6.92945E-06
25,4.29409E-05,0.000127055,0.000197624,0.0001695,0.000159516,0.000135312,0.000106084,9.89106E-05,7.14559E-05,3.53391E-05,-2.09822E-06,-4.9219E-05,-0.000102438,-0.00015226,-0.000193928,-0.000220843,-0.000220047,-0.000198617,-0.000177679,-0.000135748,-9.73673E-05,0.000317173,0.000755596,0.000678759,0.000607592,0.000508559,0.000419403,0.000416299,0.000233119,2.29501E-05
26,4.4059E-05,0.000123792,0.000191061,0.00016381,0.000154395,0.000130706,0.00010208,9.16417E-05,6.7909E-05,3.1321E-05,-7.0613E-06,-5.36639E-05,-0.000106865,-0.000156588,-0.000198107,-0.000224964,-0.000223766,-0.000201882,-0.000180633,-0.000138404,-9.99196E-05,0.000322,0.000754269,0.000691875,0.000602042,0.000518459,0.000409988,0.000301593,0.000244754,4.2363E-05
27,4.48286E-05,0.000120363,0.000184803,0.000158409,0.000149456,0.000126393,9.84473E-05,8.8524E-05,6.27129E-05,2.89365E-05,-9.93667E-06,-5.5969E-05,-0.000109217,-0.000159028,-0.000200455,-0.00022733,-0.000226272,-0.000204183,-0.000182626,-0.00014004,-0.000101428,0.000322091,0.000767792,0.00069098,0.000613835,0.00051386,0.000417982,0.000294432,0.000171733,5.33848E-05
28,3.67575E-05,0.000117097,0.000178402,0.000153088,0.000144565,0.000122123,9.49778E-05,8.57153E-05,6.06987E-05,2.62962E-05,-1.09642E-05,-5.64125E-05,-0.000109825,-0.000159776,-0.000201259,-0.000228187,-0.000227234,-0.000205453,-0.000183874,-0.000140914,-0.000102148,0.000327767,0.000770371,0.000703746,0.000613763,0.000524613,0.000415,0.000300884,0.000167721,2.97446E-05
29,3.64635E-05,0.000112004,0.000171544,0.000147739,0.00013972,0.000117907,9.15961E-05,8.31168E-05,5.91101E-05,2.59101E-05,-1.06803E-05,-5.57066E-05,-0.000109245,-0.00015945,-0.000200999,-0.000228066,-0.000227207,-0.000205636,-0.00018448,-0.0001414,-0.00010247,0.000329805,0.00078323,0.000706586,0.000625648,0.000525314,0.000424582,0.000299649,0.000172397,2.90645E-05
30,3.52308E-05,0.000105413,0.00016433,0.000141968,0.00013471,0.000113549,8.80839E-05,8.03557E-05,5.7482E-05,2.56579E-05,-9.80632E-06,-5.4713E-05,-0.00010837,-0.000158723,-0.000200415,-0.000227565,-0.000226862,-0.000205443,-0.000184565,-0.000141758,-0.000102841,0.000212176,0.000787838,0.000718328,0.000628439,0.000535818,0.00042567,0.000307361,0.00017237,3.09865E-05
31,3.49558E-05,9.83861E-05,0.000147129,0.00013594,0.000129279,0.000108955,8.43631E-05,7.73225E-05,5.54629E-05,2.50322E-05,-9.16117E-06,-5.40805E-05,-0.000107849,-0.000158263,-0.00020002,-0.000227217,-0.000226618,-0.000205388,-0.000184677,-0.000142074,-0.00010343,0.000208615,0.000546072,0.000722463,0.000638784,0.000538274,0.000434327,0.000308459,0.00017747,3.16118E-05
32,3.88944E-05,9.70405E-05,0.00013932,0.000120841,0.00012368,0.000103967,8.03718E-05,7.39764E-05,5.29631E-05,2.36885E-05,-9.19076E-06,-5.40955E-05,-0.000107892,-0.000158348,-0.000200101,-0.000227241,-0.000226719,-0.000205631,-0.00018507,-0.000142636,-0.000104223,0.000216307,0.000538873,0.000506523,0.000642079,0.000546741,0.000435971,0.000314531,0.000177967,3.31391E-05
33,4.12712E-05,9.35055E-05,0.000131183,0.000114686,0.000110411,9.9271E-05,7.63514E-05,7.06824E-05,5.03957E-05,2.20287E-05,-9.68801E-06,-5.45599E-05,-0.000108338,-0.000158743,-0.000200475,-0.000227528,-0.000226988,-0.000206033,-0.000185568,-0.00014332,-0.000105113,0.000214182,0.000555093,0.000499044,0.000453036,0.000548768,0.000441967,0.000314853,0.000180755,3.2503E-05
34,4.50443E-05,9.06837E-05,0.000123478,0.000108544,0.000105604,8.83626E-05,7.3094E-05,6.78066E-05,4.83167E-05,2.07242E-05,-1.00282E-05,-5.48534E-05,-0.000108587,-0.000158949,-0.000200616,-0.000227605,-0.000227037,-0.000206177,-0.000185786,-0.00014369,-0.000105664,0.000219214,0.000550945,0.00051197,0.000444757,0.000387248,0.000442035,0.000317549,0.00017913,3.11913E-05
35,4.84407E-05,8.93088E-05,0.000116544,0.000103154,0.000101148,8.53183E-05,6.51053E-05,6.61811E-05,4.71568E-05,2.04721E-05,-9.45731E-06,-5.42689E-05,-0.000107951,-0.000158293,-0.000199955,-0.00022692,-0.000226358,-0.000205625,-0.000185278,-0.00014327,-0.000105355,0.000216907,0.000561278,0.000506026,0.000453791,0.000377857,0.000310083,0.00031498,0.000177801,2.70951E-05
36,4.91172E-05,8.71857E-05,0.000110644,9.87171E-05,9.76877E-05,8.28455E-05,6.42371E-05,6.13826E-05,4.77378E-05,2.16971E-05,-7.28134E-06,-5.21742E-05,-0.000105847,-0.000156187,-0.00019792,-0.00022494,-0.000224415,-0.000203865,-0.000183597,-0.000141581,-0.00010367,0.000219483,0.000555716,0.000512815,0.000446113,0.000382895,0.000299787,0.000216436,0.000172408,2.14723E-05
37,4.99198E-05,8.46157E-05,0.00010629,9.53464E-05,9.53067E-05,8.15292E-05,6.40992E-05,6.28705E-05,4.67256E-05,2.51293E-05,-3.20039E-06,-4.82877E-05,-0.000102019,-0.000152445,-0.000194308,-0.000221463,-0.000221022,-0.000200668,-0.00018053,-0.000138438,-0.000100401,0.000217344,0.000559118,0.000505571,0.000449685,0.000374016,0.000301124,0.000205941,0.000111338,1.36684E-05
38,3.95139E-05,8.37178E-05,0.000102957,9.25887E-05,9.31009E-05,8.04331E-05,6.43135E-05,6.43081E-05,5.00418E-05,2.76023E-05,2.4258E-06,-4.29E-05,-9.67456E-05,-0.000147302,-0.000189403,-0.000216746,-0.00021641,-0.000196237,-0.000176232,-0.000134005,-9.57311E-05,0.000219182,0.000551476,0.000507067,0.00044188,0.000375382,0.000292227,0.000204458,0.000101938,-4.24479E-06
39,3.90868E-05,8.03495E-05,0.000100522,9.10017E-05,9.171E-05,7.96803E-05,6.49782E-05,6.63642E-05,5.35369E-05,3.33575E-05,8.76644E-06,-3.67945E-05,-9.07572E-05,-0.000141495,-0.000183873,-0.000211443,-0.000211205,-0.000191155,-0.000171266,-0.000128842,-9.02421E-05,0.00021852,0.000550845,0.000499925,0.000442844,0.000368483,0.000292697,0.000197063,9.88768E-05,-1.09751E-05
40,3.58288E-05,7.59921E-05,9.75556E-05,8.81529E-05,8.93674E-05,7.75659E-05,6.37986E-05,6.66865E-05,5.54238E-05,3.69293E-05,1.4626E-05,-3.11329E-05,-8.51769E-05,-0.000136095,-0.000178763,-0.000206579,-0.000206428,-0.000186409,-0.000166593,-0.000123943,-8.49616E-05,0.000128855,0.000544351,0.000500372,0.000437759,0.000370404,0.000288248,0.000197987,9.4489E-05,-1.44082E-05
41,3.45927E-05,6.88561E-05,8.60099E-05,8.56537E-05,8.66812E-05,7.53669E-05,6.20591E-05,6.59306E-05,5.63327E-05,3.95584E-05,1.89444E-05,-2.69768E-05,-8.1062E-05,-0.000132087,-0.000175014,-0.000203035,-0.000202975,-0.000182923,-0.000163118,-0.000120248,-8.08772E-05,0.000125824,0.000354741,0.000496692,0.000440365,0.000368474,0.000292112,0.000197044,9.67103E-05,-1.4853E-05
42,3.80255E-05,7.13653E-05,8.31264E-05,7.45372E-05,8.35507E-05,7.20009E-05,5.93276E-05,6.36412E-05,5.51014E-05,4.00753E-05,2.11695E-05,-2.49021E-05,-7.89988E-05,-0.000130119,-0.000173212,-0.000201376,-0.000201396,-0.000181307,-0.000161469,-0.000118405,-7.8686E-05,0.000131488,0.000343786,0.000330133,0.000439607,0.00037331,0.000293392,0.000202775,9.92493E-05,-1.15939E-05
43,3.89104E-05,6.76803E-05,7.93206E-05,7.15441E-05,7.30071E-05,6.85283E-05,5.56687E-05,6.05797E-05,5.24805E-05,3.85183E-05,2.13812E-05,-2.48189E-05,-7.89244E-05,-0.000130087,-0.000173336,-0.000201595,-0.000201688,-0.00018158,-0.000161705,-0.000118472,-7.84614E-05,0.000129146,0.000352018,0.000321451,0.0002962,0.000374604,0.00029949,0.000206343,0.000105787,-6.57226E-06
44,4.57086E-05,6.82979E-05,7.61207E-05,6.84629E-05,7.07394E-05,5.9625E-05,5.29033E-05,5.75106E-05,5.00276E-05,3.64836E-05,2.04344E-05,-2.58949E-05,-8.00122E-05,-0.000131251,-0.000174618,-0.000202958,-0.000203127,-0.000183061,-0.000163157,-0.000119775,-7.95037E-05,0.00013122,0.000345199,0.00032836,0.000288153,0.000253383,0.000300939,0.000211705,0.000109738,-1.26315E-06
45,5.09868E-05,7.09259E-05,7.32364E-05,6.64448E-05,6.87164E-05,5.86313E-05,4.62089E-05,5.58833E-05,4.80912E-05,3.52112E-05,1.95691E-05,-2.69202E-05,-8.10706E-05,-0.000132436,-0.00017597,-0.000204439,-0.000204691,-0.000184734,-0.000164846,-0.000121284,-8.07521E-05,0.000126451,0.000348572,0.000319814,0.000291737,0.000244127,0.000201715,0.000211113,0.000112122,1.01509E-06
46,5.33824E-05,7.00523E-05,7.07224E-05,6.51705E-05,6.81566E-05,5.81366E-05,4.69257E-05,5.18113E-05,4.8155E-05,3.50441E-05,2.00387E-05,-2.66681E-05,-8.08925E-05,-0.000132391,-0.000176173,-0.000204841,-0.000205212,-0.000185413,-0.000165598,-0.000121802,-8.09411E-05,0.000123901,0.000338024,0.000318753,0.000280083,0.000242814,0.000189964,0.000135267,0.000107937,-1.11921E-06
47,5.88718E-05,7.13679E-05,6.98861E-05,6.50936E-05,6.91558E-05,5.9911E-05,4.88769E-05,5.50865E-05,4.77892E-05,3.79557E-05,2.26085E-05,-2.43553E-05,-7.87006E-05,-0.000130414,-0.000174453,-0.000203379,-0.000203904,-0.000184307,-0.000164612,-0.000120514,-7.92269E-05,0.000116688,0.000331462,0.000304465,0.000274013,0.000227654,0.000183194,0.000120884,5.78061E-05,-9.14816E-06
48,5.04055E-05,7.40264E-05,6.94975E-05,6.5663E-05,7.01381E-05,6.1999E-05,5.1996E-05,5.84336E-05,5.26468E-05,4.05257E-05,2.7208E-05,-2.0037E-05,-7.45277E-05,-0.000126448,-0.000170813,-0.000200025,-0.000200701,-0.00018131,-0.000161785,-0.000117305,-7.5499E-05,0.001557941,0.001732652,0.001697183,0.001625053,0.001572251,0.001468839,0.001382476,0.001244168,0.001125436
49,0.001390721,0.001401229,0.001408142,0.001461761,0.001501901,0.001489763,0.001511498,0.001591394,0.001527147,0.001577813,0.001450714,0.001253937,0.001046762,0.000839403,0.000663827,0.000531732,0.00051407,0.00048877,0.000499641,0.000568146,0.000592221,0.011256157,0.012880738,0.012563515,0.012317088,0.011863838,0.011548284,0.010956756,0.01057421,0.009837804
50,0.002744473,0.002849829,0.002847467,0.002914916,0.003016076,0.003042747,0.003061316,0.003176115,0.003191311,0.00318072,0.003119514,0.002800377,0.00243163,0.002059203,0.001715729,0.001442139,0.001314319,0.001270617,0.001234178,0.001295655,0.001346842,0.008618866,0.022990839,0.022383538,0.021762506,0.0212717,0.020426388,0.019800491,0.018747964,0.018022012
51,0.002494474,0.002575033,0.002594684,0.002672984,0.002775287,0.002791614,0.002805393,0.002923452,0.002935767,0.00291391,0.002866281,0.002532409,0.002183572,0.00183931,0.001524471,0.001280569,0.001178107,0.00115466,0.001121471,0.001194063,0.00125037,0.008154044,0.016029914,0.019850416,0.019134655,0.018479059,0.017940824,0.017094962,0.016447567,0.015423915
52,0.002255218,0.002339534,0.002336073,0.002389564,0.002499577,0.002514964,0.002518351,0.002630638,0.00264547,0.002619883,0.002558945,0.002237038,0.001873689,0.001551275,0.001267395,0.001055453,0.000985814,0.000990144,0.000978198,0.001055248,0.001123241,0.00796378,0.015195074,0.01379417,0.016580988,0.015786444,0.015125639,0.014551855,0.013742757,0.013070062
53,0.00197317,0.002046687,0.002047845,0.002098602,0.002181137,0.002202499,0.002205,0.002305356,0.002313132,0.00228927,0.002223655,0.001884533,0.001534595,0.001197211,0.00093779,0.000759921,0.000725115,0.000765024,0.000782432,0.000882574,0.000954875,0.007574138,0.014937621,0.013094528,0.011498004,0.013205251,0.012357683,0.011703413,0.011129605,0.010353511
54,0.001683184,0.001751005,0.001742227,0.001780174,0.001858328,0.001850703,0.001859093,0.001957228,0.001951731,0.00191939,0.001855555,0.001508837,0.001140739,0.000817788,0.000542994,0.000392676,0.000394567,0.000471925,0.000527231,0.000658711,0.000755391,0.007320488,0.014289057,0.012865458,0.010903926,0.009123031,0.009706959,0.008814577,0.008202214,0.007624018
55,0.001364716,0.001428757,0.001414924,0.001447716,0.001511862,0.001499192,0.001478121,0.001581288,0.001572942,0.001525836,0.001453252,0.001108025,0.000731584,0.000388916,0.000129716,-3.66236E-05,-4.99842E-06,0.000111618,0.000207162,0.000379009,0.000509178,0.006891808,0.013940732,0.01225042,0.010656868,0.008590496,0.006634054,0.006035845,0.005130352,0.00455753
56,0.001026385,0.001087818,0.001071557,0.001099112,0.001157378,0.001130292,0.001103932,0.001176594,0.001173404,0.001122773,0.001034932,0.000680215,0.000304736,-4.70456E-05,-0.000327528,-0.000477281,-0.000462934,-0.000314507,-0.000176429,3.86484E-05,0.000212358,0.006493366,0.013247785,0.011850258,0.010041144,0.00828708,0.006128758,0.003991031,0.002175333,0.00125155
57,0.00067923,0.000724398,0.000707214,0.000739027,0.000791214,0.000758224,0.000717191,0.000784078,0.000750128,0.000704975,0.000613344,0.000241929,-0.000144686,-0.000495996,-0.000786579,-0.000959214,-0.000927359,-0.000797766,-0.000624808,-0.000363437,-0.00014272,0.005913981,0.012653727,0.011123474,0.00957096,0.007655905,0.005750091,0.003499414,0.001192312,-0.001906563
58,0.00021798,0.000366356,0.000334519,0.000357111,0.000412932,0.000373521,0.000326996,0.000378678,0.000339131,0.000263051,0.000176808,-0.000198551,-0.000604111,-0.000967928,-0.00125846,-0.00144244,-0.001435151,-0.001287044,-0.001133684,-0.000833433,-0.000562109,0.005306534,0.011744914,0.010470475,0.008823551,0.007125748,0.005117154,0.0030551,0.000728759,-0.001760224
59,0.00025649,0.000371648,0.000350387,0.000377926,0.000432548,0.000394423,0.000348856,0.000402937,0.000360894,0.000291179,0.000193463,-0.000182227,-0.000589773,-0.000954535,-0.001246696,-0.001432651,-0.001426624,-0.001279555,-0.001126965,-0.000824344,-0.000550546,0.005001315,0.011246209,0.009897929,0.008439423,0.006651057,0.004811563,0.00269176,0.000482703,-0.001918949
60,0.000259394,0.000398144,0.000366148,0.000394947,0.000452794,0.000412969,0.000369619,0.000424835,0.000385387,0.000313552,0.000221799,-0.000153645,-0.000561877,-0.000928821,-0.001222373,-0.001410161,-0.001405204,-0.001258936,-0.001106867,-0.00080227,-0.000525597,0.003033483,0.010621087,0.009440833,0.007935061,0.006309125,0.004418179,0.002422555,0.000216875,-0.002137794
61,0.000254828,0.000369687,0.000360357,0.000422711,0.000479878,0.00044249,0.000398372,0.000456124,0.000418025,0.000349511,0.00025474,-0.000121252,-0.000529565,-0.000897154,-0.001193269,-0.001382491,-0.001378342,-0.001232475,-0.001080889,-0.000774154,-0.000494723,0.002763565,0.006611163,0.0089082,0.007557078,0.00591076,0.004155276,0.002147228,1.86285E-05,-0.002270401
62,0.000286749,0.000406622,0.000383968,0.000416666,0.000503167,0.000463623,0.000422784,0.000479536,0.000443739,0.000376617,0.000284145,-9.20909E-05,-0.000500954,-0.000868926,-0.001165869,-0.001357323,-0.001353657,-0.001207879,-0.001056584,-0.000748018,-0.000465706,0.002641628,0.006041474,0.005503152,0.007137257,0.005631478,0.003882392,0.001981575,-0.000121211,-0.002381285
63,0.000290697,0.000409649,0.000399978,0.000438122,0.000495426,0.000481361,0.000438823,0.000498929,0.000461662,0.000396818,0.000304878,-7.22134E-05,-0.000481131,-0.000850138,-0.001147697,-0.001339929,-0.001337607,-0.00119161,-0.001040473,-0.000730353,-0.000445466,0.002431566,0.005768841,0.005038687,0.004356994,0.005327646,0.003704411,0.001836309,-0.000188693,-0.002384831
64,0.000299353,0.00041203,0.000409835,0.000447725,0.000509221,0.000466618,0.000447598,0.000505567,0.000471577,0.000404772,0.000314517,-6.36453E-05,-0.00047329,-0.000842676,-0.001141512,-0.001334321,-0.001332166,-0.001186776,-0.001035571,-0.000724205,-0.000437023,0.002303847,0.005318936,0.004818104,0.003991828,0.003180971,0.003507561,0.001750086,-0.000216565,-0.002364916
65,0.000289382,0.000414433,0.000413229,0.000451691,0.000510827,0.000471779,0.000427427,0.000506291,0.000469825,0.000406208,0.000313519,-6.58551E-05,-0.000476394,-0.000846981,-0.001146249,-0.001340492,-0.001338576,-0.001192713,-0.001042147,-0.000729595,-0.00044047,0.002109266,0.005043584,0.004437152,0.003812582,0.002904383,0.002000842,0.001645845,-0.000226216,-0.002290143
66,0.000263929,0.000387024,0.00040739,0.000446686,0.000504521,0.000461496,0.00042233,0.000478649,0.000460621,0.00039379,0.000304506,-7.59446E-05,-0.00048748,-0.000859267,-0.001159914,-0.001354772,-0.001354123,-0.001207948,-0.001056928,-0.000743803,-0.000452847,0.001957532,0.004642123,0.004193721,0.003493399,0.002758362,0.001805011,0.000793352,-0.000247873,-0.002233517
67,0.000260724,0.000377696,0.000404919,0.000440878,0.000499053,0.000453146,0.000410685,0.000472893,0.000435094,0.000383509,0.000291175,-9.00497E-05,-0.00050236,-0.000875363,-0.001177465,-0.001373802,-0.001373661,-0.001228194,-0.001076802,-0.000762003,-0.000469681,0.001761321,0.00433955,0.003839078,0.00327976,0.00249881,0.001689211,0.000675713,-0.000425807,-0.002174679
68,0.000178972,0.000370888,0.000400766,0.000435932,0.000490146,0.000444287,0.000399383,0.000457887,0.000426687,0.000357325,0.000277446,-0.000104324,-0.000517099,-0.000890977,-0.001194728,-0.001392865,-0.00139413,-0.001248532,-0.001097625,-0.000781064,-0.000486337,0.001596471,0.003956508,0.003569782,0.002977814,0.002319645,0.001494233,0.000593759,-0.000461198,-0.001645942
69,0.001094447,0.000863734,0.001338128,0.000977374,0.001508744,0.001582275,0.001658708,0.001296161,0.001915415,0.001345317,0.001298761,0.00091569,0.000443725,-2.52074E-05,-0.000423099,-0.000204755,-0.000704684,-9.98034E-05,6.82939E-05,0.000417736,0.000702676,0.056703754,0.05858301,0.057720846,0.056975076,0.055813331,0.054895976,0.053483219,0.05240752,0.050749858
70,0.002027961,0.001883197,0.001904123,0.002021703,0.002106156,0.002716178,0.002926273,0.002700626,0.00284594,0.003006084,0.002397003,0.002069008,0.001595369,0.001060228,0.000554742,0.00066904,0.000634488,0.000683903,0.001367858,0.001738935,0.002062466,0.049472347,0.115439499,0.114488655,0.113033638,0.111902595,0.110167061,0.108944654,0.106924317,0.105664266
71,0.001853287,0.00166612,0.001731373,0.0019466,0.001950558,0.002634144,0.002759147,0.002507463,0.002630356,0.002866188,0.002134783,0.001900093,0.001419766,0.000885141,0.000388897,0.00052017,0.000502784,0.000474205,0.00125258,0.001544616,0.001870855,0.044903219,0.098346193,0.09516819,0.094231729,0.09285905,0.091759327,0.090131692,0.088909752,0.0870415
72,0.001738058,0.001558929,0.001587491,0.00176736,0.001871369,0.002469419,0.002675888,0.002330586,0.002422186,0.002638084,0.001985864,0.001621646,0.001243789,0.000700375,0.000202769,0.000345412,0.000347442,0.000334512,0.001034782,0.001429829,0.001671193,0.041314236,0.089558736,0.081195923,0.07590447,0.074979278,0.073711566,0.072617281,0.071100039,0.069884146
73,0.001562853,0.00137839,0.001420944,0.001614246,0.001678513,0.002388005,0.002499319,0.00224464,0.002229004,0.002415784,0.001735214,0.001463492,0.000941909,0.000510576,8.86307E-07,0.000143183,0.000158856,0.000163419,0.000889976,0.001196502,0.001554629,0.037659587,0.08272446,0.074180077,0.064812613,0.057343394,0.056459462,0.055271243,0.054193045,0.052791788
74,0.001385744,0.001194401,0.001236554,0.00143332,0.001506711,0.002180904,0.002411853,0.0020511,0.002132643,0.002205904,0.001486037,0.001185083,0.00076702,0.000174636,-0.000212173,-8.26565E-05,-6.57185E-05,-5.0739E-05,0.000705105,0.001038092,0.001299981,0.034692002,0.075674515,0.068682305,0.059375437,0.048883509,0.039119245,0.038257535,0.037162799,0.036113764
75,0.001147292,0.000975261,0.001014091,0.001219537,0.001289979,0.00197899,0.002173817,0.001943189,0.001900979,0.002089968,0.001234942,0.000900554,0.000450277,-2.70291E-05,-0.0005952,-0.000327777,-0.000322612,-0.000311957,0.000465974,0.000828566,0.001121104,0.031524949,0.069877422,0.062865422,0.055020115,0.044830144,0.033102685,0.020769561,0.019951082,0.018969374
76,0.000839754,0.000681175,0.000745045,0.000962412,0.001035139,0.001724962,0.001936133,0.001670502,0.001764728,0.001822639,0.001089918,0.000607796,0.00012068,-0.000393703,-0.00083343,-0.000769967,-0.000605901,-0.000615428,0.000168357,0.00055274,0.000878536,0.028780984,0.063759777,0.05801504,0.050289938,0.041477494,0.030295307,0.017138584,0.001888377,0.001137709
77,0.000498016,0.000339425,0.00042122,0.000651397,0.000729494,0.001425547,0.001637602,0.001392929,0.001445276,0.001662355,0.00077432,0.000432019,-0.000221865,-0.000778588,-0.001261054,-0.001053802,-0.001114899,-0.000952747,-0.00018128,0.000207269,0.00055699,0.025957489,0.058421607,0.052786135,0.046309885,0.037754443,0.027867141,0.015499851,0.000719771,-0.017906612
78,6.5038E-05,-4.21466E-05,4.11609E-05,0.000270744,0.000355316,0.001060494,0.001280651,0.001040716,0.00110874,0.001293037,0.000574714,6.29574E-05,-0.000432014,-0.001179578,-0.001711672,-0.001555299,-0.001447322,-0.001549046,-0.000572422,-0.000199385,0.000154779,0.023312793,0.053007131,0.048249728,0.041968694,0.034647953,0.025150827,0.013991723,0.000246921,-0.016396692
79,3.72141E-05,-7.58683E-05,4.4969E-05,0.000280131,0.000357603,0.001059886,0.001283048,0.001049791,0.001111163,0.001316247,0.000574083,6.10961E-05,-0.000431897,-0.001182641,-0.00171674,-0.001564659,-0.001453637,-0.001563746,-0.000580881,-0.000205616,0.000153037,0.021151779,0.04852197,0.044090893,0.038641163,0.031784085,0.023284181,0.012847209,0.000220221,-0.015130639
80,-2.45338E-05,-0.000101076,3.19525E-05,0.000265974,0.000341897,0.001039815,0.001261283,0.001036089,0.001095876,0.00130384,0.000578754,6.40987E-05,-0.000427083,-0.001181571,-0.001718595,-0.001571677,-0.001457694,-0.001577835,-0.000587959,-0.000209941,0.000155669,0.017390147,0.044288405,0.040509279,0.035456772,0.029426168,0.021483468,0.012003463,0.000245331,-0.01409749
81,-5.18771E-05,-0.000163756,1.03896E-05,0.000279719,0.000346935,0.001047249,0.001266156,0.001043466,0.001103587,0.001321115,0.000593421,7.68911E-05,-0.000412978,-0.001172391,-0.001713091,-0.00157236,-0.00145604,-0.001587139,-0.000590137,-0.000208984,0.000167069,0.015707557,0.036765564,0.037204141,0.032809286,0.027252161,0.020119489,0.011296828,0.000442567,-0.012889835
82,1.89189E-06,-0.000110268,3.27136E-05,0.000270046,0.000362359,0.001058337,0.001281187,0.001059951,0.00111324,0.001343054,0.000618476,9.97944E-05,-0.000388701,-0.001154385,-0.001699632,-0.001565389,-0.001447169,-0.001591162,-0.000585981,-0.000202144,0.000186699,0.014443556,0.03344899,0.030981805,0.030395741,0.02551076,0.018914456,0.010893246,0.000786681,-0.011709282
83,4.16558E-05,-9.11181E-05,5.96569E-05,0.00030666,0.000358811,0.001083784,0.001301455,0.001089038,0.001133561,0.001368573,0.000648618,0.000127949,-0.000358822,-0.001131186,-0.001681525,-0.001554536,-0.001433374,-0.001592592,-0.000578928,-0.000192493,0.000208994,0.013172615,0.03095979,0.028374587,0.025351702,0.023905745,0.017984756,0.010575202,0.001250227,-0.010412676
84,8.81078E-05,-4.29694E-05,9.0713E-05,0.00034362,0.00039419,0.001087073,0.001330586,0.001117,0.001159183,0.001399105,0.000674541,0.000151803,-0.000332022,-0.001110418,-0.001665259,-0.001546915,-0.001421463,-0.001597119,-0.000575667,-0.00018724,0.00022396,0.012124035,0.028368334,0.026392405,0.023344983,0.019932783,0.017067995,0.010350762,0.001705868,-0.009206684
85,9.78755E-05,-3.73496E-05,0.000104674,0.000366377,0.000408549,0.001106931,0.001317901,0.001134167,0.001158966,0.001413225,0.000683924,0.000159793,-0.00031992,-0.001102463,-0.001659678,-0.001551178,-0.001420068,-0.001613199,-0.000584885,-0.000195405,0.000219897,0.011026145,0.026204166,0.024223982,0.021762478,0.01843176,0.014081819,0.010019974,0.002074791,-0.008091964
86,8.42954E-05,-4.74824E-05,9.37228E-05,0.000361409,0.000397454,0.001091616,0.001308985,0.001102602,0.001136621,0.001388613,0.000667968,0.000143799,-0.000329868,-0.001114766,-0.001671575,-0.001574019,-0.001435743,-0.001646846,-0.000613862,-0.000223808,0.000189186,0.010021607,0.023916583,0.022360427,0.019956543,0.01720132,0.013027832,0.008044401,0.00226704,-0.007201041
87,5.38558E-05,-7.98063E-05,6.8206E-05,0.000342032,0.000368548,0.00105863,0.00127297,0.001085963,0.001078305,0.001353434,0.000625514,0.000102215,-0.000363138,-0.001147986,-0.001702343,-0.001616511,-0.00147018,-0.001698813,-0.000664068,-0.000274106,0.000131715,0.008978479,0.021866612,0.020366241,0.018381,0.015758992,0.012132679,0.007442027,0.001421579,-0.006498802
88,-9.6446E-05,-0.000128526,1.68197E-05,0.000293173,0.000312264,0.000991325,0.00120605,0.001028874,0.001021561,0.001272549,0.000564352,4.27212E-05,-0.000412915,-0.001196092,-0.001745944,-0.00167273,-0.001518395,-0.001763931,-0.000729885,-0.000340638,5.70529E-05,0.008023098,0.019792544,0.018599697,0.016714618,0.014518333,0.01108561,0.006926337,0.001312704,-0.005986217
89,-0.000145468,-0.000191217,-3.00482E-05,0.000248745,0.000258911,0.000927719,0.001138307,0.000976606,0.000958246,0.001228198,0.000500869,-1.87364E-05,-0.00046391,-0.001245407,-0.001790596,-0.001730191,-0.001569072,-0.001831345,-0.000799435,-0.000411209,-1.8648E-05,0.007118054,0.017976792,0.016867573,0.015294482,0.013256495,0.010236983,0.006350624,0.001235427,-0.005540731
90,-0.000214766,-0.000241683,-9.29204E-05,0.000185619,0.000188944,0.000845654,0.001054393,0.000901916,0.000880891,0.001154151,0.000453674,-6.42938E-05,-0.000498989,-0.001280279,-0.001821883,-0.001774325,-0.001607788,-0.001887853,-0.00085786,-0.000470925,-7.73148E-05,0.00540884,0.016300486,0.015415824,0.013958168,0.012251145,0.009428622,0.005958117,0.00118607,-0.005143125
91,-0.000273242,-0.000314702,-0.000133487,0.000167042,0.000162762,0.000811568,0.001017169,0.000875542,0.000846586,0.001133291,0.000440169,-7.67907E-05,-0.000501847,-0.001285593,-0.001826134,-0.001791257,-0.001620808,-0.001920651,-0.0008908,-0.000505344,-0.000103755,0.004780624,0.012735219,0.014126223,0.012901905,0.011358566,0.008865197,0.005651248,0.001281075,-0.004639911
92,-0.000253645,-0.000293571,-0.000119117,0.000163661,0.000172455,0.000816299,0.001021619,0.000887376,0.000854138,0.001147256,0.000469892,-4.68468E-05,-0.000463016,-0.001252152,-0.001794872,-0.001772558,-0.001598897,-0.001921686,-0.000889339,-0.000505299,-9.08383E-05,0.004366541,0.011547309,0.011092508,0.01199358,0.010711274,0.008407853,0.005542747,0.001477436,-0.004073396
93,-0.00020916,-0.000252969,-6.04705E-05,0.000229778,0.00021172,0.000874617,0.001078257,0.000953045,0.000912648,0.001218174,0.000541206,2.40684E-05,-0.000383846,-0.00118026,-0.001727353,-0.001717549,-0.001540472,-0.001889669,-0.000852227,-0.00047011,-4.04165E-05,0.004005476,0.010759249,0.010199754,0.009443364,0.010166975,0.008129077,0.005507095,0.001795362,-0.003408845
94,-0.000128674,-0.000182375,2.22374E-05,0.000320813,0.000296734,0.000944156,0.001167023,0.001047184,0.001001505,0.001318115,0.000642864,0.000125435,-0.000274358,-0.001078572,-0.001631294,-0.001634072,-0.001452366,-0.00183088,-0.00078693,-0.000407534,3.58493E-05,0.0037761,0.009973314,0.00962707,0.008794817,0.008073856,0.007893842,0.005570514,0.002145783,-0.002713764
95,-3.31226E-05,-8.81895E-05,0.00011824,0.000426615,0.000393401,0.00104713,0.001251962,0.001158399,0.001100823,0.00143383,0.000754275,0.000236787,-0.000154265,-0.000964998,-0.001522498,-0.001538045,-0.001349825,-0.001759334,-0.000709126,-0.000333929,0.000119157,0.003558254,0.009410087,0.009005126,0.008380265,0.007634814,0.00621585,0.00561485,0.002510139,-0.002022385
96,4.24278E-05,-1.51647E-05,0.000204662,0.000523202,0.000480243,0.001135523,0.001343654,0.001239076,0.001189928,0.001531736,0.000853473,0.000337018,-4.45786E-05,-0.000859458,-0.001419295,-0.001447625,-0.001251209,-0.001691364,-0.000637008,-0.000267414,0.000189964,0.00338758,0.008814703,0.00854604,0.007878208,0.007356801,0.005941353,0.004383649,0.002807196,-0.001392379
97,0.00010343,4.33906E-05,0.000273845,0.00060074,0.000548111,0.001202292,0.001409359,0.001317172,0.001236156,0.001609296,0.000923389,0.000408745,3.83643E-05,-0.000778339,-0.001338271,-0.00137911,-0.001173243,-0.001642236,-0.00058662,-0.000223803,0.000233205,0.003190862,0.008334293,0.008029815,0.007495473,0.006969415,0.005768472,0.004276576,0.002108347,-0.000856626
98,7.70248E-05,6.88201E-05,0.000306863,0.000639373,0.00057707,0.001226511,0.001432111,0.001347386,0.001259801,0.00161873,0.000955325,0.00044252,8.45013E-05,-0.000731307,-0.001288821,-0.001342243,-0.001126474,-0.00162145,-0.000567099,-0.000211648,0.000242201,0.002999622,0.007821939,0.007606219,0.007045276,0.006670956,0.005480156,0.004219509,0.00217995,-0.000846037
